method,image_rel,gt,pred,confidence_basecsv,ned,accuracy,sigma,ssim,tenengrad,delta_mu,contrast_pr,contrast_gain,key,idx,filename,sharp_score,low_light_score,contrast_score,noise_score
baseline,0_Tiredness.png,Tiredness,tiredness,0.6096094250679016,0.8888888888888888,0,28.573249000638977,0.0,172222848.0,0.0,0.2980392156862745,0.0,0_Tiredness.png,0,0_Tiredness.png,0.7547485872267922,0.3547211289856426,0.2980392127058824,0.0446072530154642
baseline,1_kills.png,kills,kills,0.4491665959358215,1.0,1,28.563376788397683,0.0,101132526.0,0.0,0.2666666666666666,0.0,1_kills.png,1,1_kills.png,0.8053674342650881,0.3379413759613464,0.266666664,0.0448248740846968
baseline,2_A.png,A,a,0.6409342885017395,0.0,0,30.268275239133395,0.0,24509782.0,0.0,0.3333333333333333,0.0,2_A.png,2,2_A.png,0.6616876517498138,0.4050423543563538,0.3294117614117647,0.0523062573368575
baseline,3_short.png,short,shorie,0.0121274208649992,0.6666666666666667,0,21.724922046483872,0.0,86903900.0,0.0,0.2274509803921568,0.0,3_short.png,3,3_short.png,0.7493831386566213,0.3453315654302894,0.227450978117647,0.0465350609583096
baseline,4_break.png,break,bfeak,0.0216687768697738,0.8,0,23.798125492293632,0.0,113259942.0,0.0,0.2549019607843137,0.0,4_break.png,4,4_break.png,0.7551399710575235,0.3627527577239265,0.2549019582352941,0.0460356304797223
baseline,5_could.png,could,could,0.4400543570518493,1.0,1,29.73614187135516,0.0,120211310.0,0.0,0.2901960784313726,0.0,5_could.png,5,5_could.png,0.7403788683415743,0.4531170663474934,0.2862745069411765,0.0493539679153463
baseline,6_save.png,save,savc,0.48495614528656,0.75,0,20.7330327044284,0.0,90964412.0,0.0,0.2078431372549019,0.0,6_save.png,6,6_save.png,0.753484540089188,0.4030767904260839,0.2039215665882353,0.046537983922102
baseline,7_your.png,your,youf,0.1118109151721,0.75,0,17.537490817020867,0.0,57938588.0,0.0,0.1647058823529411,0.0,7_your.png,7,7_your.png,0.7272013060692897,0.4242794406763197,0.1686274492941177,0.0456112567314163
baseline,8_life.png,life,life,0.2450524568557739,1.0,1,18.850227599571205,0.0,61381434.0,0.0,0.1764705882352941,0.0,8_life.png,8,8_life.png,0.723263701924679,0.4172398585751193,0.1764705864705882,0.0479831017062817
baseline,9_8.png,8,8,0.6275483965873718,1.0,1,49.87479196823335,0.0,94483348.0,0.0,0.4901960784313725,0.0,9_8.png,9,9_8.png,0.7884964584840028,0.5139354697598248,0.4941176421176471,0.2523800018662614
baseline,10_H.png,H,ha,0.0348937064409256,0.0,0,53.5216122985148,0.0,590740100.0,0.0,0.5058823529411764,0.0,10_H.png,10,10_H.png,0.8034634088330189,0.5324172084367168,0.5019607792941178,0.1324295215756304
baseline,11_319.png,319,3sy,0.1331293433904647,0.3333333333333333,0,45.26328479505742,0.0,63451034.0,0.0,0.4913725490196076,0.0,11_319.png,11,11_319.png,0.7172973920243572,0.4506418728585624,0.4941176421176471,0.2380772044369024
baseline,12_10.png,10,bo,0.1765441298484802,0.0,0,44.39665509673116,0.0,101529494.0,0.0,0.4784313725490196,0.0,12_10.png,12,12_10.png,0.7335826584451984,0.4442773076801933,0.4784313677647059,0.1516122430031011
baseline,13_Royal.png,Royal,rave,0.0002090770140057,0.0,0,52.52529344716942,0.0,607385622.0,0.0,0.5411764705882353,0.0,13_Royal.png,13,13_Royal.png,0.8059482907986869,0.4273548263994836,0.5372548965882353,0.1414457064880973
baseline,14_London.png,London,longon,0.0161596201360225,0.6666666666666667,0,53.030634549147855,0.0,510656368.0,0.0,0.5607843137254902,0.0,14_London.png,14,14_London.png,0.8015296490276941,0.4068202418299255,0.5607843081176471,0.1266845578311209
baseline,15_Saeco.png,Saeco,saeco,0.9834592938423156,0.8,0,43.24515041077087,0.0,131051312.0,0.0,0.4235294117647059,0.0,15_Saeco.png,15,15_Saeco.png,0.7243582179256188,0.6942551170858382,0.4235294075294118,0.0514255160854266
baseline,16_R.png,R,a,0.0788524746894836,0.0,0,18.078446113649203,0.0,2614726.0,0.0,0.192156862745098,0.0,16_R.png,16,16_R.png,0.6681519511135087,0.7326181280505748,0.1960784294117647,0.0814372677293635
baseline,17_ENT.png,ENT,ente,0.1559780091047287,0.0,0,16.32554989549035,0.0,7901274.0,0.0,0.1686274509803921,0.0,17_ENT.png,17,17_ENT.png,0.650999809072805,0.3354719528696307,0.1686274492941177,0.0888356887949435
baseline,18_ESC.png,ESC,esc,0.2978695631027221,0.0,0,17.04651801230283,0.0,6981098.0,0.0,0.1803921568627451,0.0,18_ESC.png,18,18_ESC.png,0.6251740256483641,0.344919966330827,0.1764705864705882,0.0795103281548739
baseline,19_Betriebsbereit.png,Betriebsbereit,etriebsbereit,0.029906328767538,0.9285714285714286,0,18.093838246548724,0.0,44258126.0,0.0,0.1686274509803921,0.0,19_Betriebsbereit.png,19,19_Betriebsbereit.png,0.7307861438760487,0.5472962302830259,0.1647058807058823,0.0595245420500549
baseline,20_Produkt.png,Produkt,procukt,0.0166186615824699,0.7142857142857143,0,11.780932444838225,0.0,17605406.0,0.0,0.1215686274509803,0.0,20_Produkt.png,20,20_Produkt.png,0.7067856395644605,0.6076284968216774,0.1215686262352941,0.0573269458362963
baseline,21_wahlen.png,wahlen,wahler,0.1705566644668579,0.8333333333333334,0,12.053103463423191,0.0,17730176.0,0.0,0.1294117647058823,0.0,21_wahlen.png,21,21_wahlen.png,0.7109179090338484,0.5768481181209896,0.1254901948235294,0.0599369031341436
baseline,22_hungry.png,hungry,hungryt,0.1206819340586662,0.8571428571428572,0,50.37816147389656,0.0,701231558.0,0.0,0.4784313725490196,0.0,22_hungry.png,22,22_hungry.png,0.8096384644874423,0.5183699517939889,0.4784313677647059,0.1893163624736516
baseline,23_on.png,on,on,0.050236627459526,1.0,1,33.201716006581655,0.0,9105142.0,0.0,0.304705882352941,0.0,23_on.png,23,23_on.png,0.6382115661161087,0.3905927155103217,0.3050980361647059,0.2945586707566514
baseline,24_my.png,my,m,0.0384412072598934,0.5,0,51.64247657057275,0.0,25614862.0,0.0,0.4843137254901961,0.0,24_my.png,24,24_my.png,0.7311438378435859,0.589883957348295,0.4823529363529412,0.2525747332711063
baseline,25_Campus.png,Campus,campus,0.5283603668212891,0.8333333333333334,0,42.70578527476245,0.0,820986922.0,0.0,0.4,0.0,25_Campus.png,25,25_Campus.png,0.8192886641744704,0.4294464165550375,0.4039215645882353,0.0576157297715852
baseline,26_Shop.png,Shop,shop,0.949855625629425,0.75,0,50.42392938506279,0.0,703265338.0,0.0,0.4431372549019607,0.0,26_Shop.png,26,26_Shop.png,0.8037885007818032,0.4663628018048122,0.4431372504705883,0.0614505380580452
baseline,27_Yarmouth.png,Yarmouth,yarmouth,0.8793950080871582,0.875,0,50.208535534615,0.0,332832514.0,0.0,0.5098039215686274,0.0,27_Yarmouth.png,27,27_Yarmouth.png,0.8117864074264288,0.2563332716772709,0.5098039164705883,0.0953109346185566
baseline,28_Ipswich.png,Ipswich,ipswich,0.6737176179885864,0.8571428571428572,0,48.95903220621637,0.0,256792388.0,0.0,0.5392156862745098,0.0,28_Ipswich.png,28,28_Ipswich.png,0.7893435215354562,0.2987774180300123,0.5372548965882353,0.1387998233813587
baseline,29_Harwich.png,Harwich,harwich,0.6627236604690552,0.8571428571428572,0,46.46345602692457,0.0,308913978.0,0.0,0.4980392156862745,0.0,29_Harwich.png,29,29_Harwich.png,0.8067690733611765,0.31145635796094,0.4941176421176471,0.1537675516220375
baseline,30_Clacton.png,Clacton,clacton,0.6404694318771362,0.8571428571428572,0,47.54629429938496,0.0,320540456.0,0.0,0.4392156862745098,0.0,30_Clacton.png,30,30_Clacton.png,0.8295143378825592,0.4077521999982115,0.4431372504705883,0.2029488083859073
baseline,31_A133.png,A133,a133,0.9800289869308472,0.75,0,51.80910740234162,0.0,227005352.0,0.0,0.4823529411764706,0.0,31_A133.png,31,31_A133.png,0.7989046454980153,0.4513639727712633,0.4784313677647059,0.220666793999215
baseline,32_GREEK.png,GREEK,greek,0.8717154860496521,0.0,0,33.941465865739296,0.0,620139082.0,0.0,0.3568627450980392,0.0,32_GREEK.png,32,32_GREEK.png,0.9060725045448385,0.2408808293824869,0.3568627415294118,0.1772802373474334
baseline,33_COOKERY.png,COOKERY,cookery,0.8891811370849609,0.0,0,40.92489642961953,0.0,665112116.0,0.0,0.4117647058823529,0.0,33_COOKERY.png,33,33_COOKERY.png,0.8324926263299591,0.2663952429770361,0.4117647017647059,0.2035660361774165
baseline,34_WINES.png,WINES,wines,0.7125786542892456,0.0,0,37.79937976234199,0.0,400244130.0,0.0,0.388235294117647,0.0,34_WINES.png,34,34_WINES.png,0.8037364392472832,0.2440101739398164,0.3843137216470589,0.1764970561750543
baseline,35_LOCAL.png,LOCAL,local,0.7921357154846191,0.0,0,23.159473813122524,0.0,24875886.0,0.0,0.2274509803921568,0.0,35_LOCAL.png,35,35_LOCAL.png,0.8816672675363367,0.2572012358180805,0.2278431349764706,0.3593572313853426
baseline,36_SPECIALTIES.png,SPECIALTIES,specialties,0.4167447090148926,0.0,0,23.42401809842195,0.0,50372716.0,0.0,0.2352941176470588,0.0,36_SPECIALTIES.png,36,36_SPECIALTIES.png,0.7435559876676738,0.2544891615417957,0.2352941152941176,0.3326256964454858
baseline,37_FESTIVE.png,FESTIVE,festive,0.2969653010368347,0.0,0,23.32244635133734,0.0,29547298.0,0.0,0.2392156862745098,0.0,37_FESTIVE.png,37,37_FESTIVE.png,0.8888975491689127,0.2523649549950465,0.2392156838823529,0.3469300849475976
baseline,38_RECIPES.png,RECIPES,recupes,0.5358511209487915,0.0,0,25.011303904208987,0.0,37646714.0,0.0,0.2592156862745098,0.0,38_RECIPES.png,38,38_RECIPES.png,0.7093278403445106,0.2645365392441177,0.2627450954117648,0.3529209763428007
baseline,39_ILLUSTRATED.png,ILLUSTRATED,illustraved,0.2276218235492706,0.0,0,39.58017882863239,0.0,84862038.0,0.0,0.3843137254901961,0.0,39_ILLUSTRATED.png,39,39_ILLUSTRATED.png,0.7805463268319588,0.3174564436465882,0.3843137216470589,0.2618810573240239
baseline,40_e.png,e,e,0.2206889241933822,1.0,1,11.773968409630177,0.0,3748364.0,0.0,0.1098039215686274,0.0,40_e.png,40,40_e.png,0.6855108413626532,0.1534417876812683,0.1058823518823529,0.0515850340558734
baseline,41_g.png,g,g,0.4916716516017914,1.0,1,57.361998306136464,0.0,157548114.0,0.0,0.4941176470588235,0.0,41_g.png,41,41_g.png,0.8186193009695961,0.2762490091560028,0.4941176421176471,0.1429470411721781
baseline,42_intelligent.png,intelligent,intelligent,0.2675824165344238,1.0,1,40.702299527760935,0.0,311373280.0,0.0,0.4431372549019607,0.0,42_intelligent.png,42,42_intelligent.png,0.816657622237306,0.2034963060794777,0.439215681882353,0.1387256669068492
baseline,43_inhabited.png,inhabited,inhabited,0.6838847994804382,1.0,1,10.21118831833852,0.0,14776118.0,0.0,0.1058823529411764,0.0,43_inhabited.png,43,43_inhabited.png,0.7090424769351475,0.1551142047082848,0.1058823518823529,0.0714565246671817
baseline,44_environments.png,environments,environments,0.5558410286903381,1.0,1,13.247986355037185,0.0,36690716.0,0.0,0.1058823529411764,0.0,44_environments.png,44,44_environments.png,0.7579644897600651,0.16059779848967,0.1019607832941176,0.0782599688014338
baseline,45_group.png,group,group,0.9953746795654296,1.0,1,43.00709728776148,0.0,177798550.0,0.0,0.4549019607843137,0.0,45_group.png,45,45_group.png,0.7836197299301407,0.2219171835237884,0.4549019562352941,0.2289826325821781
baseline,46_University.png,University,university,0.9818546772003174,0.9,0,36.190261851254974,0.0,259857048.0,0.0,0.3847058823529408,0.0,46_University.png,46,46_University.png,0.8174397758645933,0.2116069734175064,0.3843137216470589,0.119935005554659
baseline,47_of.png,of,of,0.4138528704643249,1.0,1,40.59789345852978,0.0,57815516.0,0.0,0.4392156862745098,0.0,47_of.png,47,47_of.png,0.7579894538407721,0.2152838630272202,0.439215681882353,0.1688630338871903
baseline,48_Essex.png,Essex,essex,0.9999314546585084,0.8,0,40.310790067134526,0.0,158661436.0,0.0,0.4431372549019607,0.0,48_Essex.png,48,48_Essex.png,0.7835626505647705,0.2293169331595127,0.439215681882353,0.2090716195224654
baseline,49_Bernd.png,Bernd,bernd,0.8235748410224915,0.8,0,19.181759877242012,0.0,38497520.0,0.0,0.2039215686274509,0.0,49_Bernd.png,49,49_Bernd.png,0.7223821192190393,0.4017878095057006,0.2078431351764706,0.0904280601200524
baseline,50_Reuse.png,Reuse,reuse,0.9995285272598268,0.8,0,19.089737342023994,0.0,38160740.0,0.0,0.2,0.0,50_Reuse.png,50,50_Reuse.png,0.7402212127142371,0.4004265861439885,0.1960784294117647,0.0899761062565755
baseline,51_Roland.png,Roland,roland,0.7303517460823059,0.8333333333333334,0,19.17517434315893,0.0,47781178.0,0.0,0.2078431372549019,0.0,51_Roland.png,51,51_Roland.png,0.7554454004648491,0.4015532260601451,0.2039215665882353,0.0869717299866352
baseline,52_Vollmar.png,Vollmar,vollmar,0.6545721888542175,0.8571428571428572,0,19.235757850442933,0.0,45270050.0,0.0,0.2086274509803914,0.0,52_Vollmar.png,52,52_Vollmar.png,0.7478825839279107,0.3906260528937567,0.2078431351764706,0.086430477865034
baseline,53_Informatikforschung.png,Informatikforschung,informaticoschung,0.0813871547579765,0.7894736842105263,0,45.29184424736038,0.0,1157539448.0,0.0,0.4862745098039215,0.0,53_Informatikforschung.png,53,53_Informatikforschung.png,0.8353820563000434,0.4247135370898733,0.4862745049411765,0.0689288592582412
baseline,54_in.png,in,in,0.6538698077201843,1.0,1,51.63543313294011,0.0,102430138.0,0.0,0.4705882352941176,0.0,54_in.png,54,54_in.png,0.6907729691552031,0.4032329999590329,0.4705882305882353,0.0726659460716553
baseline,55_Deutschland.png,Deutschland,deutschland,0.596284031867981,0.9090909090909092,0,48.08481988175049,0.0,810902902.0,0.0,0.4901960784313725,0.0,55_Deutschland.png,55,55_Deutschland.png,0.8201997014156138,0.4364690978996524,0.4901960735294118,0.0651906269023951
baseline,56_Springer.png,Springer,springer,0.8398075699806213,0.875,0,50.40660968389989,0.0,365893720.0,0.0,0.5137254901960784,0.0,56_Springer.png,56,56_Springer.png,0.7754290242592361,0.6992684185686492,0.5137254850588235,0.0727633130244201
baseline,57_M.png,M,aa,0.2137507945299148,0.0,0,44.35581737157635,0.0,265007224.0,0.0,0.4705882352941176,0.0,57_M.png,57,57_M.png,0.7508742071246697,0.402543962649854,0.4705882305882353,0.1177424567258636
baseline,58_TM.png,TM,m,0.440283864736557,0.0,0,43.73049445908908,0.0,13921462.0,0.0,0.4545098039215686,0.0,58_TM.png,58,58_TM.png,0.6919289113352853,0.352748646657225,0.4509803876470589,0.2634236291333044
baseline,59_CHECK.png,CHECK,check,0.8127011060714722,0.0,0,39.76651928912946,0.0,195409584.0,0.0,0.4,0.0,59_CHECK.png,59,59_CHECK.png,0.8321707734784874,0.2827946685483327,0.3999999960000001,0.1970557580452584
baseline,60_SIGNAL.png,SIGNAL,signal,0.3019872009754181,0.0,0,36.27022875777365,0.0,195286968.0,0.0,0.3843137254901961,0.0,60_SIGNAL.png,60,60_SIGNAL.png,0.7856338891844277,0.2406582209853679,0.3882352902352942,0.2064937273237121
baseline,61_CABLE.png,CABLE,cable,0.9031836986541748,0.0,0,30.27471026462718,0.0,140937564.0,0.0,0.3294117647058823,0.0,61_CABLE.png,61,61_CABLE.png,0.7787412278993125,0.2030858245042489,0.3294117614117647,0.2149066645860245
baseline,62_P.png,P,p,0.0750760659575462,0.0,0,48.29330234942386,0.0,182131116.0,0.0,0.4352941176470588,0.0,62_P.png,62,62_P.png,0.8670733585358322,0.4829914134880762,0.4313725447058824,0.253665951951591
baseline,63_P.png,P,p,0.1414422988891601,0.0,0,55.82565205595566,0.0,193386500.0,0.0,0.5294117647058824,0.0,63_P.png,63,63_P.png,0.7765622381208077,0.396698826102674,0.5294117594117648,0.2697986063951121
baseline,64_WARNING.png,WARNING,warning,0.7922640442848206,0.0,0,62.47208621599428,0.0,464206026.0,0.0,0.5725490196078431,0.0,64_WARNING.png,64,64_WARNING.png,0.8258155311475144,0.2748549791762507,0.5764705824705882,0.2193801481094618
baseline,65_Trespassing.png,Trespassing,trespassing,0.9251247644424438,0.9090909090909092,0,51.92553420965657,0.0,479465198.0,0.0,0.5372549019607843,0.0,65_Trespassing.png,65,65_Trespassing.png,0.8118000193103544,0.3361815066253574,0.5372548965882353,0.2208495898874045
baseline,66_or.png,or,or,0.3514389991760254,1.0,1,55.11908400333958,0.0,75362378.0,0.0,0.5686274509803921,0.0,66_or.png,66,66_or.png,0.6855833819295606,0.3649833210583491,0.5686274452941177,0.2357556806639615
baseline,67_causing.png,causing,causing,0.9008694887161256,1.0,1,57.39760089991885,0.0,374191548.0,0.0,0.6078431372549019,0.0,67_causing.png,67,67_causing.png,0.7900862127367616,0.3975751124017351,0.6078431311764706,0.2177796416686518
baseline,68_nuisance.png,nuisance,nuisance,0.273513913154602,1.0,1,50.795007631306,0.0,282820230.0,0.0,0.5254901960784314,0.0,68_nuisance.png,68,68_nuisance.png,0.7868830220178844,0.3126633083677012,0.5254901908235295,0.2096967760942893
baseline,69_on.png,on,on,0.6464999318122864,1.0,1,53.47749735499642,0.0,82472256.0,0.0,0.5372549019607843,0.0,69_on.png,69,69_on.png,0.7499233645273695,0.3301093307551098,0.5411764651764707,0.2124352194723544
baseline,70_a.png,a,a,0.4598985314369201,1.0,1,55.6701554297756,0.0,52495364.0,0.0,0.5607843137254902,0.0,70_a.png,70,70_a.png,0.7267777546517105,0.3429447790812576,0.5568627395294119,0.2580740391898761
baseline,71_school.png,school,school,0.9334603548049928,1.0,1,55.93151187876953,0.0,273995496.0,0.0,0.5764705882352941,0.0,71_school.png,71,71_school.png,0.7744286197696636,0.3537486204735217,0.572549013882353,0.2460591358012699
baseline,72_site.png,site,site,0.419298380613327,1.0,1,59.23657225984648,0.0,178796774.0,0.0,0.596078431372549,0.0,72_site.png,72,72_site.png,0.7083001302354034,0.3743589226568597,0.5960784254117648,0.2957459925417803
baseline,73_can.png,can,can,0.5797984004020691,1.0,1,62.28392484972338,0.0,167310942.0,0.0,0.615686274509804,0.0,73_can.png,73,73_can.png,0.7423909656963091,0.3810222563015517,0.611764699764706,0.3164092921223023
baseline,74_lead.png,lead,lead,0.7922474145889282,1.0,1,62.29689112159647,0.0,220647500.0,0.0,0.611764705882353,0.0,74_lead.png,74,74_lead.png,0.7418831346807844,0.397097170602983,0.611764699764706,0.2664361621530752
baseline,75_to.png,to,to,0.301389068365097,1.0,1,52.89218183536727,0.0,72362120.0,0.0,0.5450980392156862,0.0,75_to.png,75,75_to.png,0.695359600055909,0.3389490706845834,0.5450980337647059,0.2035684808502302
baseline,76_a.png,a,a,0.4098756909370422,1.0,1,55.78300827481616,0.0,51148300.0,0.0,0.5529411764705883,0.0,76_a.png,76,76_a.png,0.7227156367857008,0.3372745064311765,0.5529411709411766,0.2707627355444021
baseline,77_criminal.png,criminal,criminal,0.888377845287323,1.0,1,56.99992984398475,0.0,328920118.0,0.0,0.5803921568627451,0.0,77_criminal.png,77,77_criminal.png,0.7854856880602991,0.3517189559266834,0.5764705824705882,0.2524318982606472
baseline,78_conviction.png,conviction,conviction,0.7908565998077393,1.0,1,59.439163641450136,0.0,453416932.0,0.0,0.6098039215686275,0.0,78_conviction.png,78,78_conviction.png,0.8196865956463011,0.3893020807428378,0.6078431311764706,0.2576914684079989
baseline,79_Under.png,Under,under,0.7066894769668579,0.8,0,48.65053679745825,0.0,83960856.0,0.0,0.5176470588235295,0.0,79_Under.png,79,79_Under.png,0.7019100252741141,0.3586094458433948,0.5137254850588235,0.2323736817523541
baseline,80_Section.png,Section,section,0.6463788747787476,0.8571428571428572,0,49.34037431208679,0.0,116050626.0,0.0,0.5215686274509804,0.0,80_Section.png,80,80_Section.png,0.7257623849056671,0.3660882763999999,0.517647053647059,0.2881394436596919
baseline,81_547.png,547,547,0.3171907663345337,1.0,1,52.67171194417773,0.0,67704424.0,0.0,0.5450980392156862,0.0,81_547.png,81,81_547.png,0.6582701074501965,0.3851670890724553,0.5450980337647059,0.332097099542315
baseline,82_of.png,of,of,0.0928496271371841,1.0,1,47.9765586743216,0.0,36068262.0,0.0,0.531764705882353,0.0,82_of.png,82,82_of.png,0.658675641526698,0.4114973530887775,0.531764700564706,0.2717423679707981
baseline,83_the.png,the,the,0.3031269609928131,1.0,1,51.24980864805949,0.0,55506804.0,0.0,0.5450980392156862,0.0,83_the.png,83,83_the.png,0.6718450082512021,0.3997851622425575,0.5450980337647059,0.3288889296327801
baseline,84_Education.png,Education,education,0.749393880367279,0.8888888888888888,0,54.025293551462944,0.0,176268114.0,0.0,0.5607843137254902,0.0,84_Education.png,84,84_Education.png,0.7475687274059597,0.39037213739136,0.5607843081176471,0.3751149056871914
baseline,85_Act.png,Act,act,0.1800297349691391,0.6666666666666667,0,51.496628474959216,0.0,57882590.0,0.0,0.5411764705882353,0.0,85_Act.png,85,85_Act.png,0.6829975941499156,0.4228181693375408,0.5439215631882355,0.264506922180239
baseline,86_1996.png,1996,1996,0.5971391201019287,1.0,1,56.52158952682496,0.0,105222400.0,0.0,0.5803921568627451,0.0,86_1996.png,86,86_1996.png,0.696196074947009,0.4009787541601471,0.5764705824705882,0.3612143466090439
baseline,87_Essex.png,Essex,essex,0.5413324236869812,0.8,0,57.97910031677333,0.0,140991726.0,0.0,0.5882352941176471,0.0,87_Essex.png,87,87_Essex.png,0.7402680626613656,0.3819513823994618,0.5882352882352943,0.3413475308607184
baseline,88_County.png,County,county,0.9108902215957642,0.8333333333333334,0,55.167859629336775,0.0,170700572.0,0.0,0.5807843137254899,0.0,88_County.png,88,88_County.png,0.7499636018778887,0.4224727977993074,0.5843137196470589,0.2598099489578111
baseline,89_Council.png,Council,council,0.6428414583206177,0.8571428571428572,0,58.184232441605424,0.0,171546942.0,0.0,0.5913725490196077,0.0,89_Council.png,89,89_Council.png,0.7272589006280474,0.4015294629050882,0.5921568568235295,0.3412912029822184
baseline,90_Learning.png,Learning,learning,0.8951330184936523,0.875,0,54.34974994894454,0.0,166824948.0,0.0,0.5741176470588234,0.0,90_Learning.png,90,90_Learning.png,0.7364558464918503,0.4196304853073487,0.572549013882353,0.2244973058746908
baseline,91_Services.png,Services,services,0.343848705291748,0.875,0,57.88652846360456,0.0,165079178.0,0.0,0.5843137254901961,0.0,91_Services.png,91,91_Services.png,0.7350979834038627,0.4032992715005138,0.5843137196470589,0.3398130770693485
baseline,92_Roland.png,Roland,roland,0.993923544883728,0.8333333333333334,0,18.470098862282605,0.0,69813406.0,0.0,0.2,0.0,92_Roland.png,92,92_Roland.png,0.7616886460809902,0.40001916080526,0.1960784294117647,0.0501480021682241
baseline,93_DIGITAL.png,DIGITAL,digital,0.7776330709457397,0.0,0,15.517467665144874,0.0,29766516.0,0.0,0.1490196078431372,0.0,93_DIGITAL.png,93,93_DIGITAL.png,0.7522911475207783,0.4054251903928237,0.1450980377647059,0.0798080989358698
baseline,94_GROUP.png,GROUP,group,0.9997878670692444,0.0,0,15.62127629604656,0.0,28467998.0,0.0,0.1568627450980392,0.0,94_GROUP.png,94,94_GROUP.png,0.7376241988175476,0.4267198744025012,0.1529411749411765,0.0836488009040632
baseline,95_Lord.png,Lord,lord,0.8234865665435791,0.75,0,46.882833006404695,0.0,40002778.0,0.0,0.5137254901960784,0.0,95_Lord.png,95,95_Lord.png,0.6671957142690104,0.4859594586304286,0.517647053647059,0.0560357168142211
baseline,96_Nelson.png,Nelson,ncleon,0.7985296845436096,0.5,0,44.92192110272805,0.0,56057384.0,0.0,0.4941176470588235,0.0,96_Nelson.png,96,96_Nelson.png,0.6809809592577862,0.480733052826979,0.4941176421176471,0.0558362034083607
baseline,97_Servicemenu.png,Servicemenu,servicemeni,0.3044076859951019,0.8181818181818181,0,43.90907312281254,0.0,1072024570.0,0.0,0.4666666666666667,0.0,97_Servicemenu.png,97,97_Servicemenu.png,0.841892541862016,0.269680396235261,0.466666662,0.2622983302744302
baseline,98_Briefkasten.png,Briefkasten,briefkasten,0.7224454879760742,0.9090909090909092,0,36.473570586086,0.0,675439402.0,0.0,0.3843137254901961,0.0,98_Briefkasten.png,98,98_Briefkasten.png,0.827194829735551,0.1901017679868484,0.3803921530588235,0.2246469369132931
baseline,99_Lautsprecher.png,Lautsprecher,lautsprecher,0.74448162317276,0.9166666666666666,0,28.5124601555152,0.0,433521256.0,0.0,0.2901960784313726,0.0,99_Lautsprecher.png,99,99_Lautsprecher.png,0.813963649813671,0.1327795007785259,0.2862745069411765,0.2078850175221181
baseline,100_Ubernahme.png,Ubernahme,lubernahne,0.0197638813406229,0.7,0,30.369935312982285,0.0,303233540.0,0.0,0.3254901960784314,0.0,100_Ubernahme.png,100,100_Ubernahme.png,0.8011421526141734,0.1166024072513767,0.3254901928235295,0.2012010624400599
baseline,101_abc.png,abc,abc,0.6140270233154297,1.0,1,39.01929242708236,0.0,41712662.0,0.0,0.4078431372549019,0.0,101_abc.png,101,101_abc.png,0.6919623823098956,0.3122069456223405,0.4078431331764706,0.0866569063502924
baseline,102_2.png,2,2,0.4876611232757568,1.0,1,45.73012382569649,0.0,37406976.0,0.0,0.4509803921568627,0.0,102_2.png,102,102_2.png,0.7343965781179961,0.2753721200084271,0.4549019562352941,0.0699686029574418
baseline,103_1.png,1,1,0.3694237470626831,1.0,1,42.3114382332047,0.0,24055272.0,0.0,0.4313725490196078,0.0,103_1.png,103,103_1.png,0.7304417915097469,0.2880831444797592,0.4274509761176471,0.0698830945297273
baseline,104_3.png,3,3,0.391185849905014,1.0,1,49.8897506029295,0.0,43602852.0,0.0,0.4784313725490196,0.0,104_3.png,104,104_3.png,0.7364086412467297,0.2766850602743842,0.4745097991764706,0.0736998986193098
baseline,105_def.png,def,def,0.4806183278560638,1.0,1,39.03430499822293,0.0,43813764.0,0.0,0.4,0.0,105_def.png,105,105_def.png,0.682427445175728,0.28762305004094,0.3999999960000001,0.0952298057880289
baseline,106_Anrufliste.png,Anrufliste,anrufliste,0.8290690183639526,0.9,0,38.12806273037388,0.0,557107586.0,0.0,0.4078431372549019,0.0,106_Anrufliste.png,106,106_Anrufliste.png,0.825532300944291,0.3236368049272943,0.4078431331764706,0.2113015453505299
baseline,107_NA.png,,na,0.6811367273330688,0.0,0,32.97290514006909,0.0,121867862.0,0.0,0.3254901960784314,0.0,107_NA.png,107,107_NA.png,0.7641777945569301,0.2877910775556472,0.3254901928235295,0.2446791791158185
baseline,108_NA.png,,na,0.3782987296581268,0.0,0,41.54350235768042,0.0,206821922.0,0.0,0.4078431372549019,0.0,108_NA.png,108,108_NA.png,0.799781047900695,0.2700537972768094,0.4039215645882353,0.2685550424794831
baseline,109_NA.png,,na,0.4275820553302765,0.0,0,36.95812248910948,0.0,134055998.0,0.0,0.3568627450980392,0.0,109_NA.png,109,109_NA.png,0.7960852853267549,0.2735963280940717,0.3568627415294118,0.2048122784625197
baseline,110_IMPORTED.png,IMPORTED,imported,0.6258061528205872,0.0,0,76.36655850027792,0.0,691975184.0,0.0,0.6823529411764706,0.0,110_IMPORTED.png,110,110_IMPORTED.png,0.795628801711109,0.4286715074622891,0.6823529343529413,0.1492137269406336
baseline,111_BEER.png,BEER,beer,0.6721394062042236,0.0,0,73.3921774763844,0.0,283548226.0,0.0,0.6431372549019608,0.0,111_BEER.png,111,111_BEER.png,0.7100709454130477,0.3148669710920069,0.6470588170588236,0.1616999505719315
baseline,112_FROM.png,FROM,from,0.8340251445770264,0.0,0,73.72985267883968,0.0,348329256.0,0.0,0.6509803921568628,0.0,112_FROM.png,112,112_FROM.png,0.7517553633501581,0.400317373928391,0.6549019542352942,0.1677380583748955
baseline,113_MEXICO.png,MEXICO,mexico,0.8063373565673828,0.0,0,71.68968399007271,0.0,433941332.0,0.0,0.6352941176470588,0.0,113_MEXICO.png,113,113_MEXICO.png,0.7661924744687902,0.3438888521542912,0.6352941112941177,0.1757532243039635
baseline,114_WOLFGANG.png,WOLFGANG,woaearng,0.0066128172911703,0.0,0,23.762834978527813,0.0,67073342.0,0.0,0.2470588235294117,0.0,114_WOLFGANG.png,114,114_WOLFGANG.png,0.7486453490301811,0.1720791066425339,0.2509803896470589,0.1890486081824546
baseline,115_EMMERICH.png,EMMERICH,emmerich,0.4438738226890564,0.0,0,30.740094690874816,0.0,101525164.0,0.0,0.3450980392156862,0.0,115_EMMERICH.png,115,115_EMMERICH.png,0.7670572317613428,0.295466241718911,0.3450980357647059,0.1122728341338063
baseline,116_Engin.png,Engin,engi,0.027314368635416,0.6,0,29.284108220962867,0.0,150892656.0,0.0,0.2705882352941176,0.0,116_Engin.png,116,116_Engin.png,0.7637476845781411,0.1913523625616781,0.2705882325882353,0.1574527540687022
baseline,117_ing.png,ing,ing,0.2179190218448639,1.0,1,26.072634076173387,0.0,55579166.0,0.0,0.2666666666666666,0.0,117_ing.png,117,117_ing.png,0.7268880585068442,0.1563428168647561,0.2705882325882353,0.1638061285350087
baseline,118_Distributed.png,Distributed,distribred,0.0377339459955692,0.7272727272727273,0,35.20764704262592,0.0,283526288.0,0.0,0.3764705882352941,0.0,118_Distributed.png,118,118_Distributed.png,0.8014174155427288,0.1575857642219357,0.3803921530588235,0.1624666209978618
baseline,119_Objects.png,Objects,objects,0.9794040322303772,0.8571428571428572,0,29.586705112821765,0.0,282458476.0,0.0,0.2705882352941176,0.0,119_Objects.png,119,119_Objects.png,0.797357095338503,0.226828380600015,0.2705882325882353,0.1438503374890491
baseline,120_Gates.png,Gates,gates,0.8038656115531921,0.8,0,60.75433987452696,0.0,697789284.0,0.0,0.6313725490196078,0.0,120_Gates.png,120,120_Gates.png,0.7790260058252203,0.3937704712171753,0.6274509741176472,0.0562069513310436
baseline,121_30.png,30,3o,0.3985081315040588,0.5,0,75.49142065265863,0.0,404540904.0,0.0,0.6823529411764706,0.0,121_30.png,121,121_30.png,0.815802073751138,0.4220591225092993,0.6862745029411765,0.0627994750326118
baseline,122_88.png,88,88,0.7053347826004028,1.0,1,73.81042157252996,0.0,418349252.0,0.0,0.6823529411764706,0.0,122_88.png,122,122_88.png,0.8084176890221947,0.4293752533167992,0.678431365764706,0.0770206289760603
baseline,123_Emergency.png,Emergency,emergency,0.9957677721977234,0.8888888888888888,0,60.61647948058727,0.0,875197752.0,0.0,0.6078431372549019,0.0,123_Emergency.png,123,123_Emergency.png,0.806538491532413,0.3775130829789953,0.6078431311764706,0.0539381305613697
baseline,124_exit.png,exit,exit,0.9996204376220704,1.0,1,54.35462586723255,0.0,189111092.0,0.0,0.5019607843137255,0.0,124_exit.png,124,124_exit.png,0.7162880117092829,0.3801145144486413,0.5019607792941178,0.0697177025972358
baseline,125_No.png,No,no,0.3346639275550842,0.5,0,55.59420241693085,0.0,79787620.0,0.0,0.5215686274509804,0.0,125_No.png,125,125_No.png,0.6890138134156297,0.3612408328122516,0.5215686222352942,0.1378885587263492
baseline,126_unauthorised.png,unauthorised,unauthorised,0.8797221183776855,1.0,1,56.6416252148422,0.0,396403022.0,0.0,0.5568627450980392,0.0,126_unauthorised.png,126,126_unauthorised.png,0.8086851578211169,0.3775594956725081,0.5568627395294119,0.1278492402436238
baseline,127_entry.png,entry,entry,0.9854135513305664,1.0,1,56.06456725359648,0.0,162554294.0,0.0,0.5568627450980392,0.0,127_entry.png,127,127_entry.png,0.7172553276367568,0.3993678504752505,0.5568627395294119,0.0805955063426633
baseline,128_into.png,into,into,0.4793922901153564,1.0,1,58.84266586307588,0.0,129028092.0,0.0,0.5647058823529412,0.0,128_into.png,128,128_into.png,0.6722507241520491,0.3716524056132209,0.5647058767058825,0.1456296386160867
baseline,129_this.png,this,this,0.7753056287765503,1.0,1,55.36733026119521,0.0,115269114.0,0.0,0.5490196078431373,0.0,129_this.png,129,129_this.png,0.6641265945766464,0.3604413346470588,0.5490196023529413,0.1616393471744827
baseline,130_Permit.png,Permit,permit,0.6463823318481445,0.8333333333333334,0,58.15824301122924,0.0,208735550.0,0.0,0.5568627450980392,0.0,130_Permit.png,130,130_Permit.png,0.7238490616291823,0.3732659276398897,0.5607843081176471,0.1363100347412066
baseline,131_to.png,to,to,0.3464294075965881,1.0,1,57.447735249556885,0.0,60959948.0,0.0,0.5450980392156862,0.0,131_to.png,131,131_to.png,0.6854567910510211,0.3680392120058824,0.5450980337647059,0.1301166507338664
baseline,132_work.png,work,work,0.975796103477478,1.0,1,57.72502239093104,0.0,137182266.0,0.0,0.5607843137254902,0.0,132_work.png,132,132_work.png,0.7082456862754194,0.3842987643822512,0.5607843081176471,0.1131723543396956
baseline,133_system.png,system,system,0.9431918859481812,1.0,1,56.054565323339446,0.0,217880058.0,0.0,0.5490196078431373,0.0,133_system.png,133,133_system.png,0.7669106071736562,0.4047566118855204,0.5529411709411766,0.0973906494343624
baseline,134_in.png,in,in,0.3617338240146637,1.0,1,56.09583144850995,0.0,60833884.0,0.0,0.5450980392156862,0.0,134_in.png,134,134_in.png,0.6301929854771112,0.3766240371544757,0.5450980337647059,0.157699135967481
baseline,135_operation.png,operation,operation,0.9986519813537598,1.0,1,55.64406103349877,0.0,280101540.0,0.0,0.5529411764705883,0.0,135_operation.png,135,135_operation.png,0.7804025242424943,0.404095932652128,0.5568627395294119,0.0974220695836532
baseline,136_Estates.png,Estates,estates,0.5695017576217651,0.8571428571428572,0,50.40456210543721,0.0,114145960.0,0.0,0.4980392156862745,0.0,136_Estates.png,136,136_Estates.png,0.7061846514259794,0.3943500323673203,0.4980392107058824,0.2235578953817155
baseline,137_Management.png,Management,management,0.775110125541687,0.9,0,51.083009607334354,0.0,198092570.0,0.0,0.5058823529411764,0.0,137_Management.png,137,137_Management.png,0.7873532524481415,0.4036078391011765,0.5098039164705883,0.1327315777440197
baseline,138_Section.png,Section,section,0.999492347240448,0.8571428571428572,0,49.903178503402266,0.0,111886818.0,0.0,0.5058823529411764,0.0,138_Section.png,138,138_Section.png,0.708245104278259,0.4074260485173188,0.5019607792941178,0.2015982013532819
baseline,139_Tetley.png,Tetley,tetley,0.9626847505569458,0.8333333333333334,0,40.2885616097056,0.0,166257852.0,0.0,0.4392156862745098,0.0,139_Tetley.png,139,139_Tetley.png,0.7482866570607635,0.3380214200039543,0.439215681882353,0.1367521261677631
baseline,140_To.png,To,ion,0.0664296448230743,0.3333333333333333,0,31.82538198155059,0.0,6428614.0,0.0,0.3098039215686274,0.0,140_To.png,140,140_To.png,0.923593992184228,0.4370721331262528,0.3137254870588236,0.2110330598816029
baseline,141_find.png,find,hind,0.0684474855661392,0.75,0,33.87888638866821,0.0,10684168.0,0.0,0.3686274509803922,0.0,141_find.png,141,141_find.png,0.8893776314875476,0.4140243508649164,0.3647058787058824,0.2426673262711909
baseline,142_out.png,out,out,0.0976049154996872,1.0,1,34.78965800966195,0.0,9023518.0,0.0,0.3639215686274511,0.0,142_out.png,142,142_out.png,0.9037689064577584,0.3949743721643382,0.3607843101176471,0.2932354698847363
baseline,143_just.png,just,just,0.0106861442327499,1.0,1,31.353685696753956,0.0,10016614.0,0.0,0.3215686274509804,0.0,143_just.png,143,143_just.png,0.6043272532126963,0.3839534275330148,0.3215686242352942,0.241611901717604
baseline,144_how.png,how,how,0.2713251709938049,1.0,1,32.82296758047255,0.0,7842048.0,0.0,0.3411764705882353,0.0,144_how.png,144,144_how.png,0.8936670014336123,0.3705945859817811,0.3450980357647059,0.1800241702055655
baseline,145_visit.png,visit,visit,0.0227320678532123,1.0,1,30.622881193564325,0.0,8157092.0,0.0,0.3098039215686274,0.0,145_visit.png,145,145_visit.png,0.8841626464349084,0.3576830414058686,0.3121568596235294,0.2414388377583532
baseline,146_U.png,U,u,0.0820921882987022,0.0,0,38.32326178516907,0.0,27322314.0,0.0,0.3843137254901961,0.0,146_U.png,146,146_U.png,0.6425407657312371,0.1991141848600692,0.3882352902352942,0.0926732575209656
baseline,147_Competence.png,Competence,competence,0.9636622071266174,0.9,0,34.69635464630097,0.0,306093350.0,0.0,0.3725490196078431,0.0,147_Competence.png,147,147_Competence.png,0.8222888640345932,0.4911075589943706,0.372549015882353,0.0663263663405891
baseline,148_Center.png,Center,center,0.91062992811203,0.8333333333333334,0,33.08425681818344,0.0,123347866.0,0.0,0.3450980392156862,0.0,148_Center.png,148,148_Center.png,0.7513119982775365,0.4454697214347999,0.3411764671764706,0.0716388675696137
baseline,149_Virtual.png,Virtual,virtual,0.7460986375808716,0.8571428571428572,0,29.004564812903805,0.0,137101342.0,0.0,0.2823529411764706,0.0,149_Virtual.png,149,149_Virtual.png,0.7524496562358878,0.4299323050452818,0.2862745069411765,0.0573417837683577
baseline,150_Office.png,Office,office,0.930425763130188,0.8333333333333334,0,23.938816462125136,0.0,68635936.0,0.0,0.2392156862745098,0.0,150_Office.png,150,150_Office.png,0.714627830754082,0.4163428838778851,0.2352941152941176,0.058551032522933
baseline,151_of.png,of,of,0.1578186452388763,1.0,1,29.44617853390357,0.0,42257610.0,0.0,0.2627450980392157,0.0,151_of.png,151,151_of.png,0.7555118424494233,0.4507289887448573,0.2588235268235295,0.0559833431083381
baseline,152_the.png,the,the,0.8010187149047852,1.0,1,30.827939146687694,0.0,73281080.0,0.0,0.2901960784313726,0.0,152_the.png,152,152_the.png,0.7542868229813381,0.4330849975667895,0.2901960755294118,0.0573170330041483
baseline,153_Future.png,Future,futurei,0.1052343398332595,0.7142857142857143,0,26.03521739571248,0.0,95256424.0,0.0,0.2588235294117647,0.0,153_Future.png,153,153_Future.png,0.7431923992453427,0.4083477696207716,0.2549019582352941,0.059220999342841
baseline,154_Deutsches.png,Deutsches,deutsches,0.7751103043556213,0.8888888888888888,0,28.466737856044123,0.0,101459148.0,0.0,0.2980392156862745,0.0,154_Deutsches.png,154,154_Deutsches.png,0.739479781098416,0.458171234998457,0.3019607812941177,0.0767245439746879
baseline,155_Forschungszentrum.png,Forschungszentrum,forschungszennun,0.0106249097734689,0.7647058823529411,0,26.413273935248977,0.0,117113550.0,0.0,0.2784313725490196,0.0,155_Forschungszentrum.png,155,155_Forschungszentrum.png,0.7476336722656975,0.459245800410349,0.2784313697647059,0.0667034506842371
baseline,156_fur.png,fur,fu,0.1135132387280464,0.6666666666666667,0,29.799035579421098,0.0,36147416.0,0.0,0.3058823529411765,0.0,156_fur.png,156,156_fur.png,0.6493528851110799,0.453363173609975,0.305882349882353,0.0805115999086046
baseline,157_Kunstliche.png,Kunstliche,kunstliche,0.2681083083152771,0.9,0,24.04475740704994,0.0,64368146.0,0.0,0.2470588235294117,0.0,157_Kunstliche.png,157,157_Kunstliche.png,0.7289066899537434,0.4695571898346043,0.2509803896470589,0.0712973507754966
baseline,158_Intelligenz.png,Intelligenz,intelligenz,0.7087452411651611,0.9090909090909092,0,27.439654689215956,0.0,106670150.0,0.0,0.2862745098039215,0.0,158_Intelligenz.png,158,158_Intelligenz.png,0.7439230799636536,0.4536883214570887,0.2862745069411765,0.0741838288540883
baseline,159_GmbH.png,GmbH,gmbh,0.3990862369537353,0.5,0,18.25304922873574,0.0,18227406.0,0.0,0.1843137254901961,0.0,159_GmbH.png,159,159_GmbH.png,0.6555828088678717,0.4990700931052964,0.1843137236470588,0.0640143923872468
baseline,160_1st.png,1st,1st,0.3136531114578247,1.0,1,35.8376770017643,0.0,67004104.0,0.0,0.3607843137254902,0.0,160_1st.png,160,160_1st.png,0.7120883914732722,0.5359522500659123,0.3647058787058824,0.0687399337931002
baseline,161_floor.png,floor,floor,0.8566010594367981,1.0,1,38.1304376675134,0.0,118786486.0,0.0,0.3843137254901961,0.0,161_floor.png,161,161_floor.png,0.7270937564321933,0.5375781594667118,0.3843137216470589,0.0700512345527832
baseline,162_FINAL.png,FINAL,final,0.882025957107544,0.0,0,49.93572286493065,0.0,188107934.0,0.0,0.4431372549019607,0.0,162_FINAL.png,162,162_FINAL.png,0.7586248129041314,0.3035305171649777,0.4431372504705883,0.1188146580384132
baseline,163_clearance.png,clearance,clearance,0.9953597187995912,1.0,1,49.41978462023776,0.0,183876896.0,0.0,0.4627450980392157,0.0,163_clearance.png,163,163_clearance.png,0.7816027056223613,0.3260946357507276,0.466666662,0.1822179375306445
baseline,164_BURTON.png,BURTON,burton,0.7606401443481445,0.0,0,39.05717038608668,0.0,79222074.0,0.0,0.4078431372549019,0.0,164_BURTON.png,164,164_BURTON.png,0.7517618058150722,0.4112714890999548,0.4043137214470594,0.2460899257924313
baseline,165_GARNIER.png,GARNIER,garnier,0.2649203836917877,0.0,0,39.15626122643375,0.0,118157244.0,0.0,0.4,0.0,165_GARNIER.png,165,165_GARNIER.png,0.7394711118104103,0.5399109610450812,0.3999999960000001,0.057185311803706
baseline,166_LABORATOIRES.png,LABORATOIRES,labonatoiras,0.0671685934066772,0.0,0,25.701117067218163,0.0,32755088.0,0.0,0.2549019607843137,0.0,166_LABORATOIRES.png,166,166_LABORATOIRES.png,0.7405371016018384,0.4508904134560346,0.2549019582352941,0.0497374566967983
baseline,167_Knowledge.png,Knowledge,knowledge,0.9839017987251282,0.8888888888888888,0,16.220413489241775,0.0,27434606.0,0.0,0.1647058823529411,0.0,167_Knowledge.png,167,167_Knowledge.png,0.7357072250178064,0.3371579349764538,0.1647058807058823,0.1387320003063247
baseline,168_Management.png,Management,management,0.5466452240943909,0.9,0,18.247833743269585,0.0,41899076.0,0.0,0.188235294117647,0.0,168_Management.png,168,168_Management.png,0.7548816184259441,0.3398990678084396,0.1921568608235294,0.1427294779106877
baseline,169_Faisal.png,Faisal,faisal,0.9213135242462158,0.8333333333333334,0,42.78765115498109,0.0,156339898.0,0.0,0.4196078431372549,0.0,169_Faisal.png,169,169_Faisal.png,0.7444062260460016,0.3227179883622207,0.4196078389411765,0.181037361537479
baseline,170_Shafait.png,Shafait,shafait,0.943854033946991,0.8571428571428572,0,38.35930819240618,0.0,155770972.0,0.0,0.3725490196078431,0.0,170_Shafait.png,170,170_Shafait.png,0.7727242464295601,0.3018875786804706,0.3764705844705883,0.1718334704708248
baseline,171_Multimedia.png,Multimedia,multimedia,0.9368985295295716,0.9,0,22.30599123071375,0.0,48417792.0,0.0,0.2313725490196078,0.0,171_Multimedia.png,171,171_Multimedia.png,0.7580375718109036,0.36080056181566,0.2313725467058824,0.1427341790629904
baseline,172_and.png,and,and,0.4644840359687805,1.0,1,22.66915651564028,0.0,18801816.0,0.0,0.2274509803921568,0.0,172_and.png,172,172_and.png,0.7390889318396214,0.3338663502981349,0.227450978117647,0.1674701080651084
baseline,173_Data.png,Data,data,0.7881391644477844,0.75,0,22.88347874929128,0.0,25948514.0,0.0,0.2313725490196078,0.0,173_Data.png,173,173_Data.png,0.7134400730029017,0.3320827677093118,0.2313725467058824,0.1874339148036644
baseline,174_Mining.png,Mining,mining,0.7125279903411865,0.8333333333333334,0,20.19542901564368,0.0,34774552.0,0.0,0.2078431372549019,0.0,174_Mining.png,174,174_Mining.png,0.7403643364623844,0.3031978475368204,0.2117647037647059,0.1791698528121049
baseline,175_Analysis.png,Analysis,analysis,0.9946182370185852,0.875,0,22.36172220889265,0.0,44225840.0,0.0,0.2313725490196078,0.0,175_Analysis.png,175,175_Analysis.png,0.7471723699375787,0.330542805263086,0.227450978117647,0.1480224929090457
baseline,176_Chocomel.png,Chocomel,chocomel,0.8094634413719177,0.875,0,40.46417959120937,0.0,2055492760.0,0.0,0.396078431372549,0.0,176_Chocomel.png,176,176_Chocomel.png,0.8174020480579932,0.146728487217141,0.3960784274117647,0.0770652072451299
baseline,177_hot.png,hot,hot,9.809678158489989e-05,1.0,1,32.73451758662619,0.0,195202336.0,0.0,0.3176470588235294,0.0,177_hot.png,177,177_hot.png,0.7656136718270199,0.1555541806186417,0.3176470556470588,0.0798742076850455
baseline,178_R.png,R,r,0.7075681686401367,0.0,0,17.953233473186366,0.0,5331592.0,0.0,0.1843137254901961,0.0,178_R.png,178,178_R.png,0.6165265185715001,0.1963129545920415,0.1854901942235292,0.1562546411235845
baseline,179_DE.png,DE,d,0.3891930878162384,0.0,0,27.947616305694464,0.0,24802180.0,0.0,0.2823529411764706,0.0,179_DE.png,179,179_DE.png,0.6657177752692618,0.2137161070516124,0.2823529383529412,0.0756256713456606
baseline,180_ENIGE.png,ENIGE,enige,0.7576481103897095,0.0,0,31.08783689778816,0.0,88299806.0,0.0,0.3254901960784314,0.0,180_ENIGE.png,180,180_ENIGE.png,0.7279983521834267,0.2243956125271808,0.3294117614117647,0.0919789554188329
baseline,181_ECHTE.png,ECHTE,echte,0.2933016121387481,0.0,0,43.923408184406455,0.0,191101130.0,0.0,0.4549019607843137,0.0,181_ECHTE.png,181,181_ECHTE.png,0.7476687182618426,0.2991672610465591,0.4549019562352941,0.1093531072122395
baseline,182_4.png,4,4,0.0532915219664573,1.0,1,33.59513749582746,0.0,38518320.0,0.0,0.3254901960784314,0.0,182_4.png,182,182_4.png,0.7016014729208053,0.2165662617555278,0.3254901928235295,0.0939066863326946
baseline,183_5.png,5,j,0.2755948305130005,0.0,0,31.38278094632365,0.0,27376050.0,0.0,0.3137254901960784,0.0,183_5.png,183,183_5.png,0.6686046504741071,0.2274470159110424,0.3137254870588236,0.0745144150433905
baseline,184_Senseo.png,Senseo,seniseo,0.3726100027561188,0.7142857142857143,0,25.02072840945153,0.0,221110964.0,0.0,0.2588235294117647,0.0,184_Senseo.png,184,184_Senseo.png,0.794497964026826,0.119791206767738,0.2549019582352941,0.178894950853642
baseline,185_padmachines.png,padmachines,padmachines,0.6659089922904968,1.0,1,29.43173276653181,0.0,163811068.0,0.0,0.2901960784313726,0.0,185_padmachines.png,185,185_padmachines.png,0.7749252288182849,0.186491587982619,0.2941176441176471,0.0924167193141651
baseline,186_ACHTERZIJDE.png,ACHTERZIJDE,achterzijde,0.4683161377906799,0.0,0,29.5077054104425,0.0,142289558.0,0.0,0.2941176470588235,0.0,186_ACHTERZIJDE.png,186,186_ACHTERZIJDE.png,0.7805162320862178,0.1879056012683518,0.2941176441176471,0.108840489515403
baseline,187_animal.png,animal,animal,0.9184558987617492,1.0,1,64.30642171813172,0.0,1313887838.0,0.0,0.5529411764705883,0.0,187_animal.png,187,187_animal.png,0.829071585531361,0.5434405017259516,0.5529411709411766,0.0713664491853734
baseline,188_word.png,word,word,0.9803114533424376,1.0,1,47.7048604687179,0.0,658255074.0,0.0,0.4588235294117647,0.0,188_word.png,188,188_word.png,0.8216465324926329,0.3776337707334662,0.4627450934117648,0.0808219786469329
baseline,189_book.png,book,book,0.8438775539398193,1.0,1,47.55856521896907,0.0,682698776.0,0.0,0.4627450980392157,0.0,189_book.png,189,189_book.png,0.8231588098366982,0.3908992259894568,0.4627450934117648,0.0852816943581898
baseline,190_Senseo.png,Senseo,senseo,0.7792133092880249,0.8333333333333334,0,38.7932647988262,0.0,703724702.0,0.0,0.392156862745098,0.0,190_Senseo.png,190,190_Senseo.png,0.8004873880565269,0.1773135049306543,0.3921568588235294,0.1512110309245906
baseline,191_NEW.png,NEW,new,0.9640491008758544,0.0,0,43.08656374054654,0.0,237734358.0,0.0,0.4392156862745098,0.0,191_NEW.png,191,191_NEW.png,0.8040086673321409,0.2100477981141353,0.4431372504705883,0.2474257242928021
baseline,192_GENERATION.png,GENERATION,generation,0.7153263092041016,0.0,0,33.29972319949878,0.0,548163902.0,0.0,0.3568627450980392,0.0,192_GENERATION.png,192,192_GENERATION.png,0.8211137829153234,0.1657153142469863,0.3568627415294118,0.193895121265699
baseline,193_AUTO.png,AUTO,,0.1010119765996933,0.0,0,35.49076792275424,0.0,19639778.0,0.0,0.2156862745098039,0.0,193_AUTO.png,193,193_AUTO.png,0.7609628679143207,0.2817429257729257,0.2156862723529412,0.1005511559879677
baseline,194_OFF.png,OFF,,0.0121405385434627,0.0,0,36.37738524231063,0.0,12816842.0,0.0,0.3686274509803922,0.0,194_OFF.png,194,194_OFF.png,0.6489598064312658,0.4004636538723073,0.372549015882353,0.1159851278935389
baseline,195_D.png,D,o,0.0676411837339401,0.0,0,55.774721458656494,0.0,666358722.0,0.0,0.5725490196078431,0.0,195_D.png,195,195_D.png,0.7914791727155601,0.1956352962869619,0.572549013882353,0.2437449406934565
baseline,196_DIESEL.png,DIESEL,diesel,0.0829087421298027,0.0,0,55.6973586711547,0.0,2834332318.0,0.0,0.5529411764705883,0.0,196_DIESEL.png,196,196_DIESEL.png,0.8424181353261573,0.6402908555678575,0.5568627395294119,0.1060900691736033
baseline,197_DENIM.png,DENIM,dernem,0.0185063164681196,0.0,0,64.37978773207756,0.0,599673296.0,0.0,0.6313725490196078,0.0,197_DENIM.png,197,197_DENIM.png,0.7975713176329363,0.2668026679689076,0.6352941112941177,0.2558542433657879
baseline,198_DIVISION.png,DIVISION,ovision,0.0010982254752889,0.0,0,63.528849282932136,0.0,1335598396.0,0.0,0.6431372549019608,0.0,198_DIVISION.png,198,198_DIVISION.png,0.828243476500332,0.4694512781920595,0.6431372484705884,0.1881586950725101
baseline,199_2002.png,2002,2o02,0.5655790567398071,0.75,0,27.75412630787145,0.0,39276908.0,0.0,0.2745098039215686,0.0,199_2002.png,199,199_2002.png,0.698073781993952,0.4597475595242223,0.2745098011764706,0.1882685335476928
baseline,200_Manchester.png,Manchester,manchester,0.5261646509170532,0.9,0,29.188379926367517,0.0,206214946.0,0.0,0.2862745098039215,0.0,200_Manchester.png,200,200_Manchester.png,0.8141731862153476,0.4891607832752925,0.2862745069411765,0.0882476372558733
baseline,201_THE.png,THE,the,0.3000150322914123,0.0,0,17.56206256369042,0.0,8678084.0,0.0,0.1556862745098038,0.0,201_THE.png,201,201_THE.png,0.6873343623208642,0.424161357272689,0.1529411749411765,0.1223519058011256
baseline,202_XVII.png,XVII,xvil,0.328744113445282,0.0,0,17.365743101678742,0.0,8951158.0,0.0,0.1647058823529411,0.0,202_XVII.png,202,202_XVII.png,0.6725662674680425,0.4176324401057361,0.1647058807058823,0.1408074313469992
baseline,203_COMMONWEALTH.png,COMMONWEALTH,commonwealith,0.2144243270158767,0.0,0,17.135708835176636,0.0,39058256.0,0.0,0.1568627450980392,0.0,203_COMMONWEALTH.png,203,203_COMMONWEALTH.png,0.82341154433876,0.4109171200738353,0.1568627435294118,0.1192785919587344
baseline,204_GAMES.png,GAMES,games,0.4580196738243103,0.0,0,16.711279421497974,0.0,14043264.0,0.0,0.1568627450980392,0.0,204_GAMES.png,204,204_GAMES.png,0.7379151810247245,0.4216111353121636,0.1568627435294118,0.13078795548008
baseline,205_FARNBOROUGH.png,FARNBOROUGH,farnborough,0.3570590019226074,0.0,0,37.18458164430884,0.0,674685904.0,0.0,0.3803921568627451,0.0,205_FARNBOROUGH.png,205,205_FARNBOROUGH.png,0.840656668341046,0.414722768722604,0.3803921530588235,0.1022562387600709
baseline,206_AIRSHOW.png,AIRSHOW,airshow,0.5070093870162964,0.0,0,53.324936427823296,0.0,782650304.0,0.0,0.4745098039215686,0.0,206_AIRSHOW.png,206,206_AIRSHOW.png,0.8212391570097609,0.6393542322763547,0.4705882305882353,0.0718323893226025
baseline,207_28.png,28,28,0.5991056561470032,1.0,1,39.266367691005634,0.0,36180326.0,0.0,0.4078431372549019,0.0,207_28.png,207,207_28.png,0.6902132832669796,0.7406548841797153,0.4078431331764706,0.1364753486650425
baseline,208_JULY.png,JULY,july,0.5744852423667908,0.0,0,39.282382937918335,0.0,69911952.0,0.0,0.4313725490196078,0.0,208_JULY.png,208,208_JULY.png,0.7762322518738233,0.753306813137587,0.4309803878470593,0.1100028314969492
baseline,209_2002.png,2002,2oo2,0.2200231403112411,0.5,0,38.09987593220336,0.0,72748662.0,0.0,0.4,0.0,209_2002.png,209,209_2002.png,0.831890652901332,0.7640848711164356,0.3999999960000001,0.1438265808781709
baseline,210_daily.png,daily,daily,0.5590337514877319,1.0,1,33.97081966801848,0.0,79931578.0,0.0,0.3725490196078431,0.0,210_daily.png,210,210_daily.png,0.7408436766360834,0.3430636687773769,0.372549015882353,0.0652968152325188
baseline,211_flying.png,flying,flying,0.7278408408164978,1.0,1,34.24912114094006,0.0,98207104.0,0.0,0.3686274509803922,0.0,211_flying.png,211,211_flying.png,0.7572020612314313,0.3425976439860222,0.3686274472941177,0.0634087049273036
baseline,212_programme.png,programme,programme,0.4296480715274811,1.0,1,35.58094339087431,0.0,168328488.0,0.0,0.3686274509803922,0.0,212_programme.png,212,212_programme.png,0.8093672243074053,0.3559211806007267,0.3686274472941177,0.0713629160640944
baseline,213_R.png,R,o,0.5312044620513916,0.0,0,65.29106349056603,0.0,16201842.0,0.0,0.6164705882352941,0.0,213_R.png,213,213_R.png,0.8913771692773953,0.5403398638776471,0.6164705820705884,0.6028715600571681
baseline,214_17.png,17,17,0.3530254364013672,1.0,1,46.335969754570776,0.0,39504642.0,0.0,0.4607843137254901,0.0,214_17.png,214,214_17.png,0.7069125971240949,0.4704258693490663,0.4588235248235294,0.1842317775438434
baseline,215_59.png,59,59,0.5330073237419128,1.0,1,48.75169119703551,0.0,55570860.0,0.0,0.5117647058823529,0.0,215_59.png,215,215_59.png,0.6974918624430964,0.4538208988231355,0.5137254850588235,0.2326033008313127
baseline,216_TM.png,TM,t,0.0416156314313411,0.0,0,45.85886210246972,0.0,13867696.0,0.0,0.4709803921568628,0.0,216_TM.png,216,216_TM.png,0.8838236522760743,0.488882348052353,0.4705882305882353,0.2685233627496619
baseline,217_GUINNESS.png,GUINNESS,guinness,0.1571726948022842,0.0,0,86.17146574140139,0.0,2332828626.0,0.0,0.807843137254902,0.0,217_GUINNESS.png,217,217_GUINNESS.png,0.8430202240343135,0.4260065907118582,0.8078431291764707,0.1052232898995481
baseline,218_DRAUGHT.png,DRAUGHT,draught,0.8958735466003418,0.0,0,85.03548945445772,0.0,650446808.0,0.0,0.8588235294117647,0.0,218_DRAUGHT.png,218,218_DRAUGHT.png,0.823286934119457,0.635892327586149,0.8588235208235295,0.1741878994206629
baseline,219_Kaffee.png,Kaffee,aaffeee,0.0330345518887043,0.7142857142857143,0,40.67929101150413,0.0,455791604.0,0.0,0.4196078431372549,0.0,219_Kaffee.png,219,219_Kaffee.png,0.7382352295216185,0.189278213313896,0.4235294075294118,0.0555153157306207
baseline,220_Pads.png,Pads,padse,0.0664249286055564,0.6,0,40.25503831832533,0.0,292558128.0,0.0,0.4,0.0,220_Pads.png,220,220_Pads.png,0.7221917237707248,0.2629928339888379,0.4003921528587893,0.0569695949149509
baseline,221_Extra.png,Extra,extra,0.5047550797462463,0.8,0,26.979293291052716,0.0,76643628.0,0.0,0.2784313725490196,0.0,221_Extra.png,221,221_Extra.png,0.6897237687929247,0.4199725520854374,0.2745098011764706,0.0587836761031776
baseline,222_30.png,30,3o,0.4229743480682373,0.5,0,39.01869291468479,0.0,67244398.0,0.0,0.3725490196078431,0.0,222_30.png,222,222_30.png,0.8141586080099735,0.229848133034083,0.3686274472941177,0.1954586910811843
baseline,223_THE.png,THE,the,0.1072100475430488,0.0,0,39.02032132953408,0.0,36839202.0,0.0,0.3847058823529412,0.0,223_THE.png,223,223_THE.png,0.6759330981290955,0.2860271464609955,0.3847058785058824,0.3660081560245537
baseline,224_WALLACE.png,WALLACE,wallace,0.6230775713920593,0.0,0,61.196455705782384,0.0,205547276.0,0.0,0.6431372549019608,0.0,224_WALLACE.png,224,224_WALLACE.png,0.7917840904269154,0.2472924987569577,0.6470588170588236,0.3241546555789248
baseline,225_SWORD.png,SWORD,sword,0.9898170828819276,0.0,0,57.36206279990642,0.0,167339000.0,0.0,0.6623529411764705,0.0,225_SWORD.png,225,225_SWORD.png,0.781689771008859,0.2490336757957925,0.6623529345529412,0.3443713224912502
baseline,226_SoftWare.png,SoftWare,sofware,0.0428452007472515,0.625,0,69.39969621800883,0.0,2522299066.0,0.0,0.7137254901960784,0.0,226_SoftWare.png,226,226_SoftWare.png,0.8359070262998025,0.3303247016368296,0.7137254830588237,0.1509935618764492
baseline,227_Engineering.png,Engineering,engineering,0.0449149534106254,0.9090909090909092,0,64.12675902368687,0.0,2562156820.0,0.0,0.6666666666666666,0.0,227_Engineering.png,227,227_Engineering.png,0.8422531035833695,0.3407031223463894,0.6666666600000001,0.1882994490939379
baseline,228_Ian.png,Ian,lan,0.6122909784317017,0.6666666666666667,0,52.81930039583857,0.0,216856154.0,0.0,0.5647058823529412,0.0,228_Ian.png,228,228_Ian.png,0.7291256564832521,0.3072658710189134,0.5607843081176471,0.3337467002027739
baseline,229_Sommerville.png,Sommerville,sommerville,0.2840905785560608,0.9090909090909092,0,58.96593107362597,0.0,928837800.0,0.0,0.6392156862745098,0.0,229_Sommerville.png,229,229_Sommerville.png,0.8244747085207815,0.3506102130339956,0.639215679882353,0.257576526308734
baseline,230_HEPP.png,HEPP,hepp,0.360256165266037,0.0,0,36.18367548428073,0.0,56929416.0,0.0,0.3764705882352941,0.0,230_HEPP.png,230,230_HEPP.png,0.6955530621626583,0.3945025363423446,0.372549015882353,0.0989036995363252
baseline,231_Verbandstoffe.png,Verbandstoffe,verbandstone,0.0591624081134796,0.7692307692307692,0,35.46176996957626,0.0,136590346.0,0.0,0.3529411764705882,0.0,231_Verbandstoffe.png,231,231_Verbandstoffe.png,0.7934950451293422,0.4169783921769583,0.3529411729411765,0.1039402577225453
baseline,232_7.png,7,7,0.460697740316391,1.0,1,48.25823966401802,0.0,21769368.0,0.0,0.4941176470588235,0.0,232_7.png,232,232_7.png,0.7111617889136924,0.4413080897588439,0.4980392107058824,0.0893778242177494
baseline,233_mg.png,mg,mg,0.5770450234413147,1.0,1,50.488289451573365,0.0,71862572.0,0.0,0.5176470588235295,0.0,233_mg.png,233,233_mg.png,0.7335425267422272,0.5052771723098619,0.5137254850588235,0.1036695071412111
baseline,234_mg.png,mg,mg,0.5126721262931824,1.0,1,51.514050807511566,0.0,77361596.0,0.0,0.5176470588235295,0.0,234_mg.png,234,234_mg.png,0.7357196284668538,0.5050842048483956,0.517647053647059,0.1027818909587693
baseline,235_9.png,9,9,0.1093713343143463,1.0,1,47.90574211588282,0.0,32178748.0,0.0,0.4862745098039215,0.0,235_9.png,235,235_9.png,0.7165961816375723,0.5204332721065916,0.4823529363529412,0.1210562746161726
baseline,236_mg.png,mg,mg,0.6977093815803528,1.0,1,48.825001360611374,0.0,69645946.0,0.0,0.4823529411764706,0.0,236_mg.png,236,236_mg.png,0.7432338056842537,0.4871664975317655,0.4784313677647059,0.1047706021189307
baseline,237_AN.png,AN,an,0.9300894737243652,0.0,0,29.78858362041073,0.0,31414396.0,0.0,0.2980392156862745,0.0,237_AN.png,237,237_AN.png,0.7530396046955994,0.2415777692658463,0.2980392127058824,0.1561149630507334
baseline,238_INTRODUCTION.png,INTRODUCTION,introduction,0.869132399559021,0.0,0,32.16076840932182,0.0,197617620.0,0.0,0.3294117647058823,0.0,238_INTRODUCTION.png,238,238_INTRODUCTION.png,0.8178674267132761,0.2537002876029194,0.3254901928235295,0.1550318241265439
baseline,239_TO.png,TO,to,0.4747571647167206,0.0,0,37.60445195851938,0.0,48573298.0,0.0,0.3803921568627451,0.0,239_TO.png,239,239_TO.png,0.7141173065644366,0.2941647029407058,0.3788235256235293,0.1714800473364728
baseline,240_DATABASE.png,DATABASE,database,0.6063963174819946,0.0,0,35.82354045114217,0.0,402602460.0,0.0,0.3607843137254902,0.0,240_DATABASE.png,240,240_DATABASE.png,0.8077458325448857,0.259925774046242,0.3568627415294118,0.1356175042776823
baseline,241_SYSTEMS.png,SYSTEMS,srstems,0.2933181524276733,0.0,0,36.043718992805296,0.0,290727342.0,0.0,0.3803921568627451,0.0,241_SYSTEMS.png,241,241_SYSTEMS.png,0.7963514893609095,0.2078093108451121,0.3803921530588235,0.1346569119136043
baseline,242_DATE.png,DATE,date,0.7939161658287048,0.0,0,41.05354692691522,0.0,210073402.0,0.0,0.392156862745098,0.0,242_DATE.png,242,242_DATE.png,0.7983588142627945,0.2982098593126336,0.3960784274117647,0.1164816887081276
baseline,243_RIVERSIDE.png,RIVERSIDE,riverside,0.8426784873008728,0.0,0,70.17606790415434,0.0,1397206640.0,0.0,0.6627450980392157,0.0,243_RIVERSIDE.png,243,243_RIVERSIDE.png,0.8321969352899398,0.1987755890190724,0.6666666600000001,0.0795731936033414
baseline,244_WALK.png,WALK,walk,0.9940386414527892,0.0,0,61.42115644743986,0.0,741170650.0,0.0,0.6627450980392157,0.0,244_WALK.png,244,244_WALK.png,0.8181776936877552,0.1592138229275686,0.6588235228235295,0.0819635104454207
baseline,245_Diet.png,Diet,diete,0.3227993249893188,0.6,0,77.1189370041198,0.0,1389625414.0,0.0,0.7450980392156863,0.0,245_Diet.png,245,245_Diet.png,0.80825140308304,0.3724101762569816,0.7490196003529414,0.1913569785936395
baseline,246_Coke.png,Coke,coke,0.9761080741882324,0.75,0,62.94285645647805,0.0,1384498886.0,0.0,0.6274509803921569,0.0,246_Coke.png,246,246_Coke.png,0.8202827849435389,0.5930027551078679,0.6274509741176472,0.2103063925675657
baseline,247_REGISTERED.png,REGISTERED,reaistered,0.5229830145835876,0.0,0,41.41186056486092,0.0,101723228.0,0.0,0.4274509803921568,0.0,247_REGISTERED.png,247,247_REGISTERED.png,0.7829149607961947,0.2973187384768809,0.4235294075294118,0.341484238666617
baseline,248_TRADE.png,TRADE,trade,0.9068926572799684,0.0,0,39.85368214764633,0.0,45403502.0,0.0,0.4392156862745098,0.0,248_TRADE.png,248,248_TRADE.png,0.9150553573642572,0.3483681104285505,0.439215681882353,0.4121288059301306
baseline,249_MARK.png,MARK,marr,0.4318467676639557,0.0,0,33.06756273053334,0.0,27878048.0,0.0,0.3607843137254902,0.0,249_MARK.png,249,249_MARK.png,0.8827806541461648,0.4866138406720769,0.3647058787058824,0.4215092893309197
baseline,250_intel.png,intel,nel,4.565440394799225e-05,0.6,0,29.60179096031465,0.0,45623092.0,0.0,0.2823529411764706,0.0,250_intel.png,250,250_intel.png,0.6831366438644306,0.0848071739071999,0.2784313697647059,0.3600056572007499
baseline,251_inside.png,inside,inside,0.1380681991577148,1.0,1,31.233265801199348,0.0,54345650.0,0.0,0.3019607843137254,0.0,251_inside.png,251,251_inside.png,0.6971679327930009,0.0912830083213495,0.2980392127058824,0.3652857507204645
baseline,252_pentium.png,pentium,pentium,0.8653802871704102,1.0,1,30.187301970734275,0.0,46157708.0,0.0,0.2968627450980394,0.0,252_pentium.png,252,252_pentium.png,0.7276624723032575,0.228326935112916,0.2980392127058824,0.3349263682919841
baseline,253_4.png,4,4,0.4066510796546936,1.0,1,41.15662318543374,0.0,23853240.0,0.0,0.4156862745098039,0.0,253_4.png,253,253_4.png,0.7202145718695292,0.277186782612261,0.4137254860588236,0.330846201502787
baseline,254_hoss.png,hoss,hoss,0.988431751728058,1.0,1,45.44044261425539,0.0,154159180.0,0.0,0.4509803921568627,0.0,254_hoss.png,254,254_hoss.png,0.7812081411788223,0.5049863993385473,0.4509803876470589,0.0767414196309995
baseline,255_Standort.png,Standort,standort,0.4255925714969635,0.875,0,44.92632439013867,0.0,193737014.0,0.0,0.4588235294117647,0.0,255_Standort.png,255,255_Standort.png,0.7655151215416439,0.4598374276933453,0.4549019562352941,0.1055839528973163
baseline,256_Feuerloscher.png,Feuerloscher,feuerloscher,0.2413584142923355,0.9166666666666666,0,43.64267038517052,0.0,287856630.0,0.0,0.4470588235294118,0.0,256_Feuerloscher.png,256,256_Feuerloscher.png,0.7975241284316179,0.4493955628711005,0.4470588190588236,0.0953362408128827
baseline,257_Notausgang.png,Notausgang,notausgang,0.3854025602340698,0.9,0,51.76602130218715,0.0,471319668.0,0.0,0.5019607843137255,0.0,257_Notausgang.png,257,257_Notausgang.png,0.8288430614276412,0.4477986176735771,0.4980392107058824,0.1136003716500981
baseline,258_Brandmelder.png,Brandmelder,brandmelder,0.9284554719924928,0.9090909090909092,0,53.3859866247431,0.0,610496054.0,0.0,0.5098039215686274,0.0,258_Brandmelder.png,258,258_Brandmelder.png,0.8280218487674325,0.4729965293150716,0.5098039164705883,0.1122646180438505
baseline,259_Treppenraum.png,Treppenraum,treppenraum,0.5795910358428955,0.9090909090909092,0,42.8538996658198,0.0,291986218.0,0.0,0.4392156862745098,0.0,259_Treppenraum.png,259,259_Treppenraum.png,0.7974404379922985,0.495097575064637,0.439215681882353,0.0982012739365608
baseline,260_Rettungsweg.png,Rettungsweg,retungsweg,0.3961539566516876,0.8181818181818181,0,42.14719047562388,0.0,277831520.0,0.0,0.4235294117647059,0.0,260_Rettungsweg.png,260,260_Rettungsweg.png,0.7981877225660565,0.5320062551841391,0.4235294075294118,0.1173511277939614
baseline,261_Richtungsangabe.png,Richtungsangabe,richtungsangabe,0.2753722965717315,0.9333333333333332,0,49.87368969729087,0.0,695955828.0,0.0,0.4941176470588235,0.0,261_Richtungsangabe.png,261,261_Richtungsangabe.png,0.8299457427008299,0.4310679348649909,0.4941176421176471,0.0967743185007407
baseline,262_EINWURF.png,EINWURF,eirorf,0.0130442371591925,0.0,0,18.14776368983348,0.0,110001088.0,0.0,0.1843137254901961,0.0,262_EINWURF.png,262,262_EINWURF.png,0.7336102897007373,0.6230059401453114,0.1803921550588235,0.048094801700893
baseline,263_EURO.png,EURO,euro,0.5694637298583984,0.0,0,18.06361199194412,0.0,77577576.0,0.0,0.1764705882352941,0.0,263_EURO.png,263,263_EURO.png,0.7279254207851774,0.6713362480020303,0.1764705864705882,0.0470449383246368
baseline,264_GELD.png,GELD,geld,0.9714972376823424,0.0,0,66.7811668094182,0.0,424097448.0,0.0,0.6313725490196078,0.0,264_GELD.png,264,264_GELD.png,0.7660617202047806,0.4581195612045389,0.6352941112941177,0.0673788753689964
baseline,265_EINWERFEN.png,EINWERFEN,einwerfen,0.6688042879104614,0.0,0,66.87039063397806,0.0,728499410.0,0.0,0.6509803921568628,0.0,265_EINWERFEN.png,265,265_EINWERFEN.png,0.8119422156452001,0.4500347772515489,0.6470588170588236,0.0670428910056916
baseline,266_NUMMER.png,NUMMER,nummer,0.9331063032150269,0.0,0,68.84638785837525,0.0,572053436.0,0.0,0.6549019607843137,0.0,266_NUMMER.png,266,266_NUMMER.png,0.8440831907264673,0.5038899839983878,0.650980385647059,0.0670535681444798
baseline,267_DES.png,DES,des,0.9941822290420532,0.0,0,65.69413953270139,0.0,263657762.0,0.0,0.6431372549019608,0.0,267_DES.png,267,267_DES.png,0.697642257223099,0.4551920179035913,0.6470588170588236,0.0730024134513463
baseline,268_FACHES.png,FACHES,faches,0.9777324199676514,0.0,0,62.563386007762205,0.0,357324654.0,0.0,0.6235294117647059,0.0,268_FACHES.png,268,268_FACHES.png,0.7968299793087035,0.4117288904420727,0.6196078369411766,0.0634816411107741
baseline,269_WAHLEN.png,WAHLEN,wahlen,0.5289146304130554,0.0,0,54.51447934330539,0.0,227266884.0,0.0,0.5529411764705883,0.0,269_WAHLEN.png,269,269_WAHLEN.png,0.7393062191869717,0.3816061455641059,0.5490196023529413,0.0562590187861027
baseline,270_GELDRUCKGABE.png,GELDRUCKGABE,geldruckgabe,0.9638990759849548,0.0,0,65.6899075889466,0.0,980829756.0,0.0,0.6392156862745098,0.0,270_GELDRUCKGABE.png,270,270_GELDRUCKGABE.png,0.8541323525503901,0.4438333098542312,0.6431372484705884,0.0628549095787442
baseline,271_TASTERDRUCKEN.png,TASTERDRUCKEN,tasterdrucken,0.3545598685741424,0.0,0,51.43402293636744,0.0,498502748.0,0.0,0.5333333333333333,0.0,271_TASTERDRUCKEN.png,271,271_TASTERDRUCKEN.png,0.8084987969012256,0.3681478015051127,0.5333333280000001,0.0543889601617654
baseline,272_HEALTHY.png,HEALTHY,healthy,0.6160547137260437,0.0,0,41.34212780568156,0.0,222277858.0,0.0,0.4627450980392157,0.0,272_HEALTHY.png,272,272_HEALTHY.png,0.8922045093862881,0.4645045786124058,0.4627450934117648,0.1853887057408597
baseline,273_COLCHESTER.png,COLCHESTER,colchester,0.5258726477622986,0.0,0,42.89380088120236,0.0,364958672.0,0.0,0.4627450980392157,0.0,273_COLCHESTER.png,273,273_COLCHESTER.png,0.9183186595114816,0.4533443772205241,0.4603921522588234,0.1974243307760113
baseline,274_2000.png,2000,2ooo,0.655524492263794,0.25,0,38.77138895473524,0.0,123869504.0,0.0,0.4235294117647059,0.0,274_2000.png,274,274_2000.png,0.7643543445216755,0.4998282000227745,0.4196078389411765,0.1814186982472774
baseline,275_Communication.png,Communication,communication,0.766194760799408,0.9230769230769232,0,51.52988011891855,0.0,882715642.0,0.0,0.4823529411764706,0.0,275_Communication.png,275,275_Communication.png,0.8241974373694169,0.2496951396601081,0.4784313677647059,0.1496275603148021
baseline,276_for.png,for,fo,0.0687661319971084,0.6666666666666667,0,37.06956261328842,0.0,143379760.0,0.0,0.3803921568627451,0.0,276_for.png,276,276_for.png,0.7610759844506428,0.2146153735320654,0.3803921530588235,0.3092324451848993
baseline,277_E.png,E,e,0.2074716836214065,0.0,0,42.82756532850555,0.0,79690068.0,0.0,0.4235294117647059,0.0,277_E.png,277,277_E.png,0.7018290720472347,0.1745539618227518,0.4235294075294118,0.131203858795812
baseline,278_ineering.png,ineering,ineering,0.7011796236038208,1.0,1,49.22726434564243,0.0,583031050.0,0.0,0.4705882352941176,0.0,278_ineering.png,278,278_ineering.png,0.8076768184210424,0.2517356822688916,0.4705882305882353,0.1570394580753266
baseline,279_Students.png,Students,students,0.5383387207984924,0.875,0,38.83833258088285,0.0,410612510.0,0.0,0.4352941176470588,0.0,279_Students.png,279,279_Students.png,0.8043737342610205,0.3211414732091818,0.439215681882353,0.2100866391886062
baseline,280_TESCO.png,TESCO,tesco,0.9425474405288696,0.0,0,19.726702491655125,0.0,37780204.0,0.0,0.1847058823529426,0.0,280_TESCO.png,280,280_TESCO.png,0.7762482314302247,0.6527029878490151,0.1882352922352941,0.0614032678914881
baseline,281_VALUE.png,VALUE,value,0.902847170829773,0.0,0,23.213853609787908,0.0,63484192.0,0.0,0.2078431372549019,0.0,281_VALUE.png,281,281_VALUE.png,0.7438033773395748,0.7668199961382468,0.2078431351764706,0.0437779440376081
baseline,282_Washing.png,Washing,washing,0.8899719715118408,0.8571428571428572,0,26.37271894354044,0.0,110091946.0,0.0,0.2666666666666666,0.0,282_Washing.png,282,282_Washing.png,0.7720152647148836,0.6321294670527544,0.266666664,0.046249352548597
baseline,283_up.png,up,up,0.1403266936540603,1.0,1,33.42415534483236,0.0,34137088.0,0.0,0.3803921568627451,0.0,283_up.png,283,283_up.png,0.6673477832020231,0.5507216587682496,0.3764705844705883,0.0726113022810458
baseline,284_liquid.png,liquid,liquid,0.6365118026733398,1.0,1,27.54334101886642,0.0,76059150.0,0.0,0.3058823529411765,0.0,284_liquid.png,284,284_liquid.png,0.7356573748154676,0.6324743952979741,0.3019607812941177,0.0476347882338689
baseline,285_SOUNDS.png,SOUNDS,sounds,0.111632727086544,0.0,0,14.721099202706483,0.0,50080368.0,0.0,0.1529411764705882,0.0,285_SOUNDS.png,285,285_SOUNDS.png,0.7331232536923862,0.1378285070064933,0.1490196063529412,0.089368486273642
baseline,286_OF.png,OF,of,0.1941691040992736,0.0,0,26.051661503488297,0.0,54559184.0,0.0,0.2980392156862745,0.0,286_OF.png,286,286_OF.png,0.6994178903197326,0.2468125435596753,0.2980392127058824,0.0963099636581384
baseline,287_SUMMER.png,SUMMER,sumimer,0.2778904736042022,0.0,0,28.332093035049027,0.0,270184396.0,0.0,0.3176470588235294,0.0,287_SUMMER.png,287,287_SUMMER.png,0.7856712227108434,0.3029377947873126,0.3176470556470588,0.113569113163059
baseline,288_The.png,The,the,0.0803055986762046,0.6666666666666667,0,8.072178309764972,0.0,2639480.0,0.0,0.0823529411764705,0.0,288_The.png,288,288_The.png,0.601382552923836,0.1727824502669722,0.0862745089411764,0.1425003864261494
baseline,289_O.png,O,o,0.2887416779994964,0.0,0,8.972539887526706,0.0,895110.0,0.0,0.0941176470588235,0.0,289_O.png,289,289_O.png,0.5544772280407623,0.1155737098101307,0.094117646117647,0.1057942741479897
baseline,290_es.png,es,ps,0.0651710554957389,0.5,0,11.63526906124425,0.0,1981902.0,0.0,0.1215686274509803,0.0,290_es.png,290,290_es.png,0.5837808103400908,0.1753990932686335,0.1215686262352941,0.1542928575965125
baseline,291_best.png,best,best,0.2489163130521774,1.0,1,15.062069691479168,0.0,6736116.0,0.0,0.1607843137254902,0.0,291_best.png,291,291_best.png,0.6314835849534916,0.2190720745084745,0.1607843121176471,0.1652530634275281
baseline,292_live.png,live,live,0.2323689460754394,1.0,1,13.12995346771276,0.0,4651944.0,0.0,0.1411764705882353,0.0,292_live.png,292,292_live.png,0.6078353610764413,0.229822159124487,0.1372549005882353,0.1595832239261062
baseline,293_music.png,music,music,0.4431992471218109,1.0,1,12.245889473577725,0.0,6222680.0,0.0,0.1333333333333333,0.0,293_music.png,293,293_music.png,0.643909533951106,0.2325609008235294,0.133333332,0.1293645733982758
baseline,294_events.png,events,events,0.9366434812545776,1.0,1,11.906077422579564,0.0,7069940.0,0.0,0.1215686274509803,0.0,294_events.png,294,294_events.png,0.6516770562929564,0.2462297239961874,0.1215686262352941,0.1437073372434917
baseline,295_orange.png,orange,orange,0.875387966632843,1.0,1,36.46323700003288,0.0,85778866.0,0.0,0.3725490196078431,0.0,295_orange.png,295,295_orange.png,0.7547244488147775,0.6015628544226644,0.3764705844705883,0.2309890493213631
baseline,296_TM.png,TM,,0.031086329370737,0.0,0,21.11786596790852,0.0,2584632.0,0.0,0.1772549019607844,0.0,296_TM.png,296,296_TM.png,0.873502537676682,0.7069579761236976,0.1788235276235295,0.1526679103720311
baseline,297_Telephone.png,Telephone,telephone,0.7554965615272522,0.8888888888888888,0,71.35393208930357,0.0,1499464774.0,0.0,0.6666666666666666,0.0,297_Telephone.png,297,297_Telephone.png,0.8635750744045542,0.468178613791705,0.6666666600000001,0.0571814869020124
baseline,298_FOCAL.png,FOCAL,focale,0.1499495655298233,0.0,0,33.57648355154706,0.0,15305072.0,0.0,0.3039215686274509,0.0,298_FOCAL.png,298,298_FOCAL.png,0.8721181285288192,0.2946111356269648,0.3039215655882353,0.3207187539730861
baseline,299_DISPLAYS.png,DISPLAYS,displayst,0.0586296208202838,0.0,0,37.43427312489952,0.0,23160258.0,0.0,0.3639215686274509,0.0,299_DISPLAYS.png,299,299_DISPLAYS.png,0.8868845587727264,0.3307991252323137,0.3639215649882352,0.3522319721753205
baseline,300_A11.png,A11,ai,0.0361748859286308,0.0,0,24.54967521688297,0.0,4996978.0,0.0,0.212156862745098,0.0,300_A11.png,300,300_A11.png,0.8750462383584621,0.3370814445929864,0.2125490174823529,0.2507818217894239
baseline,301_dvisory.png,dvisory,aiolt,0.0029073690529912,0.2857142857142857,0,18.34279037887885,0.0,7888500.0,0.0,0.1803921568627451,0.0,301_dvisory.png,301,301_dvisory.png,0.6616020452771098,0.3943188741762408,0.1803921550588235,0.1208266201218046
baseline,302_Service.png,Service,sce,0.0037146431859582,0.2857142857142857,0,32.53062091815981,0.0,8699732.0,0.0,0.3686274509803922,0.0,302_Service.png,302,302_Service.png,0.6572609057350285,0.4485055940408265,0.3686274472941177,0.1216130314408555
baseline,303_Informat.png,Informat,informat,0.4245361685752868,0.875,0,18.929135968997038,0.0,11674434.0,0.0,0.192156862745098,0.0,303_Informat.png,303,303_Informat.png,0.6905186673939386,0.7243796923894523,0.1882352922352941,0.1083392891218318
baseline,304_ESSEX.png,ESSEX,essex,0.9978811144828796,0.0,0,31.316565476309982,0.0,150793838.0,0.0,0.3333333333333333,0.0,304_ESSEX.png,304,304_ESSEX.png,0.7858408334724573,0.3027370315258646,0.33333333,0.2188676060854471
baseline,305_SUMMER.png,SUMMER,summer,0.6811872124671936,0.0,0,30.87935827223905,0.0,207316038.0,0.0,0.3176470588235294,0.0,305_SUMMER.png,305,305_SUMMER.png,0.8064918280368556,0.3068998907916792,0.3137254870588236,0.2571181190957472
baseline,306_SCHOOL.png,SCHOOL,school,0.9366408586502076,0.0,0,31.5326363865561,0.0,216485268.0,0.0,0.3254901960784314,0.0,306_SCHOOL.png,306,306_SCHOOL.png,0.8091635827169945,0.3354977374198531,0.3215686242352942,0.297894082637335
baseline,307_IN.png,IN,in,0.0185427479445934,0.0,0,25.21834873593545,0.0,36012024.0,0.0,0.2588235294117647,0.0,307_IN.png,307,307_IN.png,0.7407149443961835,0.3202139067520865,0.2549019582352941,0.2709245919993988
baseline,308_DATA.png,DATA,data,0.7141456007957458,0.0,0,30.542480279660925,0.0,116575164.0,0.0,0.3058823529411765,0.0,308_DATA.png,308,308_DATA.png,0.779855736232204,0.3160070139941486,0.3098039184705883,0.2864351652002499
baseline,309_ANALYSIS.png,ANALYSIS,analysis,0.7979631423950195,0.0,0,28.36824729207302,0.0,219397890.0,0.0,0.2941176470588235,0.0,309_ANALYSIS.png,309,309_ANALYSIS.png,0.8174719246288116,0.3396353273714678,0.2941176441176471,0.3019173305664884
baseline,310_YOU.png,YOU,you,0.3875997364521026,0.0,0,42.69309218227557,0.0,289117132.0,0.0,0.4717647058823527,0.0,310_YOU.png,310,310_YOU.png,0.7975140570511733,0.325610994640717,0.4705882305882353,0.1068060038578688
baseline,311_ARE.png,ARE,are,0.8315962553024292,0.0,0,51.25349413869921,0.0,385505894.0,0.0,0.5490196078431373,0.0,311_ARE.png,311,311_ARE.png,0.8236613361036688,0.3034418355746636,0.5450980337647059,0.1195639286378126
baseline,312_HERE.png,HERE,here,0.9843950867652892,0.0,0,50.59917825065795,0.0,495853272.0,0.0,0.5372549019607843,0.0,312_HERE.png,312,312_HERE.png,0.8381587286282371,0.2615126803801492,0.5333333280000001,0.136530755841597
baseline,313_DEPARTMENT.png,DEPARTMENT,department,0.1929816156625747,0.0,0,87.68028986191521,0.0,2096692774.0,0.0,0.8,0.0,313_DEPARTMENT.png,313,313_DEPARTMENT.png,0.8728826641774144,0.263911841618221,0.7960784234117648,0.1101700738631158
baseline,314_OF.png,OF,of,0.0468028038740158,0.0,0,88.28683349219185,0.0,426712158.0,0.0,0.7725490196078432,0.0,314_OF.png,314,314_OF.png,0.8298969088496171,0.2593838684221497,0.7686274432941178,0.1602183407730158
baseline,315_GOVERNMENT.png,GOVERNMENT,government,0.7314114570617676,0.0,0,81.74304195690877,0.0,2077017612.0,0.0,0.7372549019607844,0.0,315_GOVERNMENT.png,315,315_GOVERNMENT.png,0.8905163750726928,0.2073381700325029,0.7411764631764708,0.1404096489340967
baseline,316_COURSES.png,COURSES,courses,0.8648868799209595,0.0,0,87.62923899479414,0.0,1593545024.0,0.0,0.7843137254901961,0.0,316_COURSES.png,316,316_COURSES.png,0.8961018360648465,0.2540665751654125,0.7803921490588237,0.1331537509993687
baseline,317_FOR.png,FOR,for,0.9612618088722228,0.0,0,88.54868660831805,0.0,675638792.0,0.0,0.7650980392156859,0.0,317_FOR.png,317,317_FOR.png,0.8148244311274205,0.2587882976021694,0.7686274432941178,0.1786702782441358
baseline,318_STAFF.png,STAFF,staff,0.998827874660492,0.0,0,79.24007922910528,0.0,893585768.0,0.0,0.7254901960784313,0.0,318_STAFF.png,318,318_STAFF.png,0.8427377522620376,0.1862385575260789,0.7254901888235296,0.0909012592907066
baseline,319_iiyama.png,iiyama,iyama,0.1055917218327522,0.8333333333333334,0,20.918731001975065,0.0,35786044.0,0.0,0.196078431372549,0.0,319_iiyama.png,319,319_iiyama.png,0.7180653560691034,0.351483685293754,0.1921568608235294,0.0644992538285519
baseline,320_POCKET.png,POCKET,pocket,0.9808439016342164,0.0,0,63.74744873552239,0.0,576622924.0,0.0,0.6235294117647059,0.0,320_POCKET.png,320,320_POCKET.png,0.7612068080738973,0.4430650724302341,0.6274509741176472,0.0752607292006184
baseline,321_FLASH.png,FLASH,flash,0.3870876431465149,0.0,0,65.50621675033901,0.0,635473956.0,0.0,0.6509803921568628,0.0,321_FLASH.png,321,321_FLASH.png,0.7660291201037208,0.4447210166255489,0.650980385647059,0.0839410012395509
baseline,322_READER.png,READER,reader,0.6771616339683533,0.0,0,60.01253931556288,0.0,612630130.0,0.0,0.6235294117647059,0.0,322_READER.png,322,322_READER.png,0.7696357623939951,0.4487897842446356,0.6274509741176472,0.0794727253378555
baseline,323_Start.png,Start,start,0.4423876702785492,0.8,0,21.54427891543465,0.0,9753414.0,0.0,0.2247058823529412,0.0,323_Start.png,323,323_Start.png,0.6557575708042063,0.431489172816635,0.2235294095294118,0.2072674960952506
baseline,324_WinrM.png,WinrM,wrm,0.0745350122451782,0.1999999999999999,0,16.632510840983258,0.0,4905984.0,0.0,0.1686274509803921,0.0,324_WinrM.png,324,324_WinrM.png,0.6331203428194021,0.4540037905263758,0.1725490178823529,0.1082806221435305
baseline,325_Technology.png,Technology,technology,0.2448393106460571,0.9,0,40.3688814728736,0.0,2002953090.0,0.0,0.4156862745098039,0.0,325_Technology.png,325,325_Technology.png,0.838862535370422,0.2700904620399715,0.4156862703529412,0.0681880474298528
baseline,326_for.png,for,for,0.3206497132778168,1.0,1,43.89865484411227,0.0,120910692.0,0.0,0.4666666666666667,0.0,326_for.png,326,326_for.png,0.7061600843136123,0.407952266376601,0.4705882305882353,0.0796741169202358
baseline,327_life.png,life,life,0.0633156448602676,1.0,1,44.31554650972929,0.0,123939320.0,0.0,0.4666666666666667,0.0,327_life.png,327,327_life.png,0.7175562937493527,0.3489793051367308,0.4627450934117648,0.0987066064277343
baseline,328_jungle.png,jungle,jungle,0.0813975632190704,1.0,1,52.65528773776556,0.0,4078364142.0,0.0,0.5372549019607843,0.0,328_jungle.png,328,328_jungle.png,0.837976042407377,0.4800211655143745,0.5411764651764707,0.0499103821654158
baseline,329_SNOUT.png,SNOUT,svout,0.710857093334198,0.0,0,49.46883859280719,0.0,728358968.0,0.0,0.5372549019607843,0.0,329_SNOUT.png,329,329_SNOUT.png,0.8263199654035783,0.223167983752121,0.5411764651764707,0.1317369684071409
baseline,330_X.png,X,l,0.1226130947470665,0.0,0,16.76955230736613,0.0,101426800.0,0.0,0.0980392156862745,0.0,330_X.png,330,330_X.png,0.7600029956514937,0.2402262171676914,0.0980392147058823,0.1408069181160613
baseline,331_graphic.png,graphic,graphic,0.6500908732414246,1.0,1,36.02801831887355,0.0,403748886.0,0.0,0.3058823529411765,0.0,331_graphic.png,331,331_graphic.png,0.8094789834556398,0.3462046122109267,0.3098039184705883,0.0456227643286042
baseline,332_JAVA.png,JAVA,java,0.0317649319767952,0.0,0,45.831181726029136,0.0,1803076816.0,0.0,0.4588235294117647,0.0,332_JAVA.png,332,332_JAVA.png,0.8151237029655848,0.4497287538322005,0.4588235248235294,0.0436808619412895
baseline,333_Mastering.png,Mastering,mastering,0.9697003364562988,0.8888888888888888,0,53.54073712917055,0.0,383837104.0,0.0,0.4862745098039215,0.0,333_Mastering.png,333,333_Mastering.png,0.794900836840055,0.6130791232954962,0.4901960735294118,0.0639005536213987
baseline,334_the.png,the,the,0.5309674143791199,1.0,1,54.69409222943501,0.0,148637830.0,0.0,0.4941176470588235,0.0,334_the.png,334,334_the.png,0.7072265281690306,0.6396203038628191,0.4901960735294118,0.0797862477557307
baseline,335_JFC.png,JFC,jfc,0.4121647477149963,0.0,0,54.69942126792567,0.0,149868048.0,0.0,0.4901960784313725,0.0,335_JFC.png,335,335_JFC.png,0.7502577604360253,0.6333310305859619,0.4901960735294118,0.0696569351360502
baseline,336_3RD.png,3RD,3rd,0.7857848405838013,0.3333333333333333,0,43.26268014435289,0.0,62193386.0,0.0,0.4313725490196078,0.0,336_3RD.png,336,336_3RD.png,0.680445729564543,0.6832154720738612,0.4352941132941177,0.1782634378921745
baseline,337_EDITION.png,EDITION,edition,0.9533246755599976,0.0,0,43.11485960687165,0.0,99918336.0,0.0,0.4196078431372549,0.0,337_EDITION.png,337,337_EDITION.png,0.7255068930453248,0.6726597799951085,0.4156862703529412,0.1402017567717144
baseline,338_TM.png,TM,tm,0.2849710285663605,0.0,0,15.626791097343048,0.0,2063380.0,0.0,0.1533333333333333,0.0,338_TM.png,338,338_TM.png,0.958391926616486,0.4626401914520295,0.1533333318000001,0.1079956449887209
baseline,339_2.png,2,2,0.4548298418521881,1.0,1,21.21003300690536,0.0,20946022.0,0.0,0.2039215686274509,0.0,339_2.png,339,339_2.png,0.7648052824596199,0.3678428573679873,0.199999998,0.046975332809117
baseline,340_DOUBLEMINT.png,DOUBLEMINT,doublemint,0.7188242077827454,0.0,0,72.32552766571023,0.0,676787634.0,0.0,0.6588235294117647,0.0,340_DOUBLEMINT.png,340,340_DOUBLEMINT.png,0.825903435083543,0.4473921687696447,0.6549019542352942,0.1842721219968491
baseline,341_CHEWING.png,CHEWING,chewing,0.7820874452590942,0.0,0,43.570424827837456,0.0,163212442.0,0.0,0.4509803921568627,0.0,341_CHEWING.png,341,341_CHEWING.png,0.7738746223998615,0.3359681710053356,0.4549019562352941,0.2566271598184003
baseline,342_GUM.png,GUM,gum,0.9611472487449646,0.0,0,44.963379891107,0.0,80066448.0,0.0,0.4662745098039215,0.0,342_GUM.png,342,342_GUM.png,0.7241630883247586,0.3594478035003879,0.4627450934117648,0.2981844092298105
baseline,343_Kenco.png,Kenco,kenco,0.8078409433364868,0.8,0,78.32079383389717,0.0,3351284274.0,0.0,0.7607843137254902,0.0,343_Kenco.png,343,343_Kenco.png,0.8311989226734863,0.372652006763818,0.7647058747058825,0.0981947193615096
baseline,344_nco.png,nco,nco,0.8435331583023071,1.0,1,79.90624366162741,0.0,2179240144.0,0.0,0.7215686274509804,0.0,344_nco.png,344,344_nco.png,0.8213430236043879,0.3053899746297501,0.717647051647059,0.0881601434464799
baseline,345_FIRE.png,FIRE,fire,0.5567569732666016,0.0,0,29.492339146968387,0.0,47996128.0,0.0,0.3019607843137254,0.0,345_FIRE.png,345,345_FIRE.png,0.7025534338569048,0.315520106976138,0.3019607812941177,0.1251863972944223
baseline,346_HOSE.png,HOSE,hose,0.9943593740463256,0.0,0,29.92853946604573,0.0,70379870.0,0.0,0.3098039215686274,0.0,346_HOSE.png,346,346_HOSE.png,0.7587231344788893,0.2918580890372068,0.305882349882353,0.1246706886547163
baseline,347_REEL.png,REEL,reel,0.5521756410598755,0.0,0,28.999269106719275,0.0,60704166.0,0.0,0.2980392156862745,0.0,347_REEL.png,347,347_REEL.png,0.7391085134451857,0.2901449419359477,0.3019607812941177,0.1255919562744085
baseline,348_EXCLUSIVELY.png,EXCLUSIVELY,exclusively,0.7734549045562744,0.0,0,41.803061379085385,0.0,296715804.0,0.0,0.4274509803921568,0.0,348_EXCLUSIVELY.png,348,348_EXCLUSIVELY.png,0.8195880498266858,0.2700286193040712,0.4235294075294118,0.1866373626443808
baseline,349_FOR.png,FOR,for,0.9978567361831664,0.0,0,43.01673547797628,0.0,90638094.0,0.0,0.4274509803921568,0.0,349_FOR.png,349,349_FOR.png,0.7276765377553339,0.2854008345642922,0.4274509761176471,0.2367797370636005
baseline,350_WHEELCHAIR.png,WHEELCHAIR,wheelchair,0.5073316097259521,0.0,0,42.993683140849015,0.0,315728826.0,0.0,0.4352941176470588,0.0,350_WHEELCHAIR.png,350,350_WHEELCHAIR.png,0.8199869112830741,0.2810636899419173,0.4352941132941177,0.1883838670654165
baseline,351_USERS.png,USERS,users,0.9935097098350524,0.0,0,41.93266286047813,0.0,152618318.0,0.0,0.4156862745098039,0.0,351_USERS.png,351,351_USERS.png,0.7901524224163211,0.2906644867451798,0.4196078389411765,0.2244640935322887
baseline,352_Metool.png,Metool,metool,0.7877191305160522,0.8333333333333334,0,39.95034902198152,0.0,95897464.0,0.0,0.4352941176470588,0.0,352_Metool.png,352,352_Metool.png,0.7240276506037031,0.5999209341717308,0.4352941132941177,0.3424078742469853
baseline,353_Gallery.png,Gallery,gallery,0.9699385166168212,0.8571428571428572,0,42.51466789705566,0.0,904378166.0,0.0,0.4313725490196078,0.0,353_Gallery.png,353,353_Gallery.png,0.8181684867739788,0.4266178510813875,0.4313725447058824,0.0412184727937676
baseline,354_1.png,1,1,0.4211824536323547,1.0,1,39.81186356328556,0.0,66940070.0,0.0,0.3725490196078431,0.0,354_1.png,354,354_1.png,0.7649710252175167,0.5327092693319099,0.372549015882353,0.0423360687004958
baseline,355_Please.png,Please,please,0.9991286396980286,0.8333333333333334,0,38.67118187162701,0.0,255728366.0,0.0,0.3725490196078431,0.0,355_Please.png,355,355_Please.png,0.7844079670674083,0.4150206708655161,0.372549015882353,0.0598307571690029
baseline,356_Enter.png,Enter,enter,0.9977799654006958,0.8,0,39.341129654729095,0.0,196323866.0,0.0,0.403921568627451,0.0,356_Enter.png,356,356_Enter.png,0.7520431352771132,0.4655673024743678,0.3999999960000001,0.0625040099873515
baseline,357_SIZE.png,SIZE,size,0.7653915882110596,0.0,0,36.43192445125339,0.0,194602072.0,0.0,0.3725490196078431,0.0,357_SIZE.png,357,357_SIZE.png,0.7384682555552967,0.4114981659623429,0.372549015882353,0.0550955602004678
baseline,358_QUEEN.png,QUEEN,queen,0.883986234664917,0.0,0,36.36421772656424,0.0,181314848.0,0.0,0.3607843137254902,0.0,358_QUEEN.png,358,358_QUEEN.png,0.7563166903713961,0.4023953609059066,0.3607843101176471,0.0588461886002533
baseline,359_LITTER.png,LITTER,litter,0.5514600872993469,0.0,0,30.438921090862436,0.0,288288104.0,0.0,0.2980392156862745,0.0,359_LITTER.png,359,359_LITTER.png,0.7983369501640761,0.7155051067377829,0.2980392127058824,0.0761273214761192
baseline,360_COLCHESTER.png,COLCHESTER,colchester,0.2803457081317901,0.0,0,30.41550795990497,0.0,170600958.0,0.0,0.3058823529411765,0.0,360_COLCHESTER.png,360,360_COLCHESTER.png,0.7841275930900868,0.6488977748457784,0.305882349882353,0.0907655683474254
baseline,361_BOROUGH.png,BOROUGH,borough,0.8691951632499695,0.0,0,29.68445053710897,0.0,130883334.0,0.0,0.2941176470588235,0.0,361_BOROUGH.png,361,361_BOROUGH.png,0.7729747618679139,0.6386979737466935,0.2941176441176471,0.0929036770322286
baseline,362_DEBENHAMS.png,DEBENHAMS,debenhams,0.5389294624328613,0.0,0,60.844741073839074,0.0,1533988336.0,0.0,0.7372549019607844,0.0,362_DEBENHAMS.png,362,362_DEBENHAMS.png,0.8293990509973467,0.4115988405862117,0.7372548945882355,0.118530790627
baseline,363_FAVOURITE.png,FAVOURITE,favourite,0.9293743968009948,0.0,0,49.19103766211799,0.0,372738524.0,0.0,0.5058823529411764,0.0,363_FAVOURITE.png,363,363_FAVOURITE.png,0.8032364077602593,0.235038010882648,0.5098039164705883,0.1829168268720129
baseline,364_DEPARTMENT.png,DEPARTMENT,department,0.6704367399215698,0.0,0,61.69301517576651,0.0,470478334.0,0.0,0.7254901960784313,0.0,364_DEPARTMENT.png,364,364_DEPARTMENT.png,0.8031558819279798,0.4260205942386383,0.7254901888235296,0.1850392668707005
baseline,365_STORE.png,STORE,store,0.7846481204032898,0.0,0,44.03816367827457,0.0,133589412.0,0.0,0.4196078431372549,0.0,365_STORE.png,365,365_STORE.png,0.7414853914709401,0.5471546991776082,0.4192156820823551,0.1499436674300724
baseline,366_Videos.png,Videos,videos,0.723626971244812,0.8333333333333334,0,61.06278840039136,0.0,617660354.0,0.0,0.6196078431372549,0.0,366_Videos.png,366,366_Videos.png,0.8120236720814779,0.4405874376505942,0.6156862683529413,0.2065907599612838
baseline,367_available.png,available,avaiable,0.1090752631425857,0.8888888888888888,0,58.87499339919661,0.0,654112750.0,0.0,0.592156862745098,0.0,367_available.png,367,367_available.png,0.8289511792953947,0.4007275250996056,0.5921568568235295,0.1950087781744549
baseline,368_here.png,here,here,0.9655030965805054,1.0,1,51.82348634229918,0.0,235613600.0,0.0,0.5215686274509804,0.0,368_here.png,368,368_here.png,0.7829431999731741,0.3993019086594838,0.5254901908235295,0.144761808915435
baseline,369_All.png,All,all,0.0680624768137931,0.6666666666666667,0,25.29402907601508,0.0,36515190.0,0.0,0.1607843137254902,0.0,369_All.png,369,369_All.png,0.7467713034118055,0.2912293069934873,0.1607843121176471,0.204987435788925
baseline,370_our.png,our,our,0.9745913147926332,1.0,1,30.484714176739462,0.0,47013692.0,0.0,0.2862745098039215,0.0,370_our.png,370,370_our.png,0.758052753080607,0.2966203401710515,0.2823529383529412,0.2923353583606145
baseline,371_videos.png,videos,videos,0.5380725264549255,1.0,1,31.921123188315665,0.0,105103078.0,0.0,0.2705882352941176,0.0,371_videos.png,371,371_videos.png,0.8028962242094427,0.2834187359499703,0.266666664,0.3192027896473203
baseline,372_are.png,are,are,0.679362416267395,1.0,1,35.74676240713489,0.0,59180142.0,0.0,0.3450980392156862,0.0,372_are.png,372,372_are.png,0.7421395146902824,0.2763302203604301,0.3415686240352941,0.3787947395256137
baseline,373_loaned.png,loaned,loaned,0.8128181099891663,1.0,1,32.097520268266216,0.0,124023228.0,0.0,0.2470588235294117,0.0,373_loaned.png,373,373_loaned.png,0.8185067102992879,0.2718236130269482,0.2470588210588235,0.3150912455936527
baseline,374_for.png,for,for,0.0026490404270589,1.0,1,29.34323100425771,0.0,69083848.0,0.0,0.1690196078431371,0.0,374_for.png,374,374_for.png,0.7589123514581853,0.2637846127467692,0.1686274492941177,0.2152578155506005
baseline,375_one.png,one,onc,0.3378010988235473,0.6666666666666667,0,31.3982148343593,0.0,50814052.0,0.0,0.2627450980392157,0.0,375_one.png,375,375_one.png,0.8062411054434143,0.2737643296619831,0.2650980365647059,0.320960202375057
baseline,376_week.png,week,week,0.8103476166725159,1.0,1,27.309847187697983,0.0,61404714.0,0.0,0.2156862745098039,0.0,376_week.png,376,376_week.png,0.8268422853945369,0.2782913137436975,0.2156862723529412,0.2448221504689679
baseline,377_2.png,2,2,0.4704287648200989,1.0,1,29.584514833021483,0.0,209351466.0,0.0,0.2666666666666666,0.0,377_2.png,377,377_2.png,0.8465500782623813,0.3025279910057601,0.266666664,0.047579914947886
baseline,378_NatWest.png,NatWest,natwest,0.4928724765777588,0.7142857142857143,0,91.42770080624074,0.0,3947197788.0,0.0,0.8196078431372549,0.0,378_NatWest.png,378,378_NatWest.png,0.847092189596704,0.4169135577412844,0.8235294035294118,0.0413603367423418
baseline,379_PAST.png,PAST,past,0.8031906485557556,0.0,0,48.13492262059792,0.0,864241952.0,0.0,0.5333333333333333,0.0,379_PAST.png,379,379_PAST.png,0.8679388070528451,0.4930412830284401,0.5333333280000001,0.1146870105547778
baseline,380_TIMES.png,TIMES,times,0.8463138937950134,0.0,0,37.1616217233098,0.0,706453492.0,0.0,0.4274509803921568,0.0,380_TIMES.png,380,380_TIMES.png,0.8299708109008691,0.517434223674173,0.4274509761176471,0.1104747947910452
baseline,381_Essex.png,Essex,essex,0.9908843040466307,0.8,0,44.89697332758168,0.0,342225128.0,0.0,0.4549019607843137,0.0,381_Essex.png,381,381_Essex.png,0.7817727665097357,0.2571518717551692,0.4549019562352941,0.1894213732546357
baseline,382_County.png,County,county,0.999414563179016,0.8333333333333334,0,41.643169552991566,0.0,386863184.0,0.0,0.4431372549019607,0.0,382_County.png,382,382_County.png,0.7991817260443835,0.2631799241154863,0.4470588190588236,0.1772505247306511
baseline,383_Council.png,Council,council,0.5345343947410583,0.8571428571428572,0,46.70730431514901,0.0,496355524.0,0.0,0.4549019607843137,0.0,383_Council.png,383,383_Council.png,0.8051081484163182,0.2456976389184143,0.4549019562352941,0.2441731469273475
baseline,384_Colchester.png,Colchester,colchester,0.274262398481369,0.9,0,36.70341901107101,0.0,780195958.0,0.0,0.3568627450980392,0.0,384_Colchester.png,384,384_Colchester.png,0.8280620508110217,0.2157962012195373,0.3568627415294118,0.1907222729987867
baseline,385_Library.png,Library,library,0.7335198521614075,0.8571428571428572,0,47.79027331472906,0.0,514897416.0,0.0,0.4588235294117647,0.0,385_Library.png,385,385_Library.png,0.8029496527273154,0.2999702672400546,0.4588235248235294,0.1384230995295067
baseline,386_Library.png,Library,library,0.8433934450149536,0.8571428571428572,0,85.04817077505741,0.0,1371638294.0,0.0,0.7490196078431373,0.0,386_Library.png,386,386_Library.png,0.8104296027023994,0.6111292325284046,0.7490196003529414,0.0544777393361445
baseline,387_Open.png,Open,open,0.9950286746025084,0.75,0,85.27631450404516,0.0,976783400.0,0.0,0.7450980392156863,0.0,387_Open.png,387,387_Open.png,0.826273944294854,0.601645822467564,0.7411764631764708,0.0568837707126558
baseline,388_Essex.png,Essex,essex,0.9993609189987184,0.8,0,62.16345598756725,0.0,129444586.0,0.0,0.6058823529411764,0.0,388_Essex.png,388,388_Essex.png,0.7489191502132143,0.6299119004925832,0.6078431311764706,0.2928058031883943
baseline,389_County.png,County,county,0.7302036285400391,0.8333333333333334,0,58.91409127888085,0.0,123966534.0,0.0,0.5737254901960782,0.0,389_County.png,389,389_County.png,0.7672467865603961,0.6705594162746433,0.572549013882353,0.1848186888192361
baseline,390_Council.png,Council,council,0.4389336407184601,0.8571428571428572,0,58.85130568108353,0.0,122286364.0,0.0,0.5725490196078431,0.0,390_Council.png,390,390_Council.png,0.7635952498564869,0.6645179188682214,0.5764705824705882,0.1978209163684203
baseline,391_Libraries.png,Libraries,libraries,0.3060948550701141,0.8888888888888888,0,56.80465382482976,0.0,83840902.0,0.0,0.5450980392156862,0.0,391_Libraries.png,391,391_Libraries.png,0.7526732461360515,0.6410011016499205,0.5411764651764707,0.2384991071581563
baseline,392_FORUM.png,FORUM,forum,0.4697119295597076,0.0,0,58.71204820096135,0.0,412650532.0,0.0,0.5725490196078431,0.0,392_FORUM.png,392,392_FORUM.png,0.7901162560681589,0.5620632967627907,0.5686274452941177,0.1252457044086989
baseline,393_trinity.png,trinity,trinity,0.9872601628303528,1.0,1,37.6368176556559,0.0,1428222982.0,0.0,0.4156862745098039,0.0,393_trinity.png,393,393_trinity.png,0.8584898233422525,0.3436639771580576,0.4117647017647059,0.0506683228956051
baseline,394_street.png,street,street,0.999660074710846,1.0,1,40.73954282136241,0.0,1532612588.0,0.0,0.4470588235294118,0.0,394_street.png,394,394_street.png,0.8561095419748148,0.3723930420362098,0.4470588190588236,0.0563419362681411
baseline,395_studios.png,studios,studios,0.9825787544250488,1.0,1,40.9483166657827,0.0,1583181426.0,0.0,0.4392156862745098,0.0,395_studios.png,395,395_studios.png,0.8562990904321363,0.4126380308125834,0.439215681882353,0.0600433580535914
baseline,396_WHILE.png,WHILE,while,0.5748650431632996,0.0,0,50.12658386750852,0.0,456702844.0,0.0,0.4980392156862745,0.0,396_WHILE.png,396,396_WHILE.png,0.7861967176916035,0.4717034958922483,0.4941176421176471,0.0864963038608924
baseline,397_YOU.png,YOU,you,0.7108664512634277,0.0,0,54.928210356885614,0.0,279369878.0,0.0,0.5254901960784314,0.0,397_YOU.png,397,397_YOU.png,0.7958143326034753,0.482840327525861,0.5254901908235295,0.0680039260941842
baseline,398_WAIT.png,WAIT,wait,0.8707860112190247,0.0,0,55.07488137998268,0.0,384513962.0,0.0,0.5372549019607843,0.0,398_WAIT.png,398,398_WAIT.png,0.7719149648698095,0.4711774792016872,0.5411764651764707,0.0622388760396501
baseline,399_SHOE.png,SHOE,shoe,0.920315682888031,0.0,0,60.068661242381104,0.0,517028110.0,0.0,0.5607843137254902,0.0,399_SHOE.png,399,399_SHOE.png,0.770245259966677,0.5008639706227651,0.5607843081176471,0.0696349091631007
baseline,400_21.png,21,,0.0895148366689682,0.0,0,13.45590609011338,0.0,1475532.0,0.0,0.1450980392156863,0.0,400_21.png,400,400_21.png,0.4722393743822447,0.1729941475426707,0.1450980377647059,0.0218087712414425
baseline,401_2313.png,2313,zmb,0.0143423667177557,0.0,0,18.2887903878396,0.0,31649580.0,0.0,0.1803921568627451,0.0,401_2313.png,401,401_2313.png,0.6666572068173601,0.40577360610137,0.1843137236470588,0.0337488749284985
baseline,402_3.png,3,g,0.0223541911691427,0.0,0,8.906444796147541,0.0,3657992.0,0.0,0.0392156862745098,0.0,402_3.png,402,402_3.png,0.5830760635886049,0.517561365876624,0.0392156858823529,0.0030377827813675
baseline,403_60.png,60,,0.016261763870716,0.0,0,73.14486327286224,0.0,255519796.0,0.0,0.6784313725490196,0.0,403_60.png,403,403_60.png,0.7009864065680196,0.6850947635433132,0.678431365764706,0.0233177472517965
baseline,404_626.png,626,ezh,0.0161940827965736,0.0,0,24.446615978003305,0.0,48105354.0,0.0,0.2509803921568627,0.0,404_626.png,404,404_626.png,0.6815963709842108,0.405196463836038,0.2509803896470589,0.0356553301945679
baseline,405_626.png,626,626,0.2174830287694931,1.0,1,35.23041282154222,0.0,81750130.0,0.0,0.3529411764705882,0.0,405_626.png,405,405_626.png,0.6962115495586663,0.4077840398041825,0.3568627415294118,0.0270726725238676
baseline,406_6678.png,6678,ous,0.0203141905367374,0.0,0,18.822558650485224,0.0,19450232.0,0.0,0.196078431372549,0.0,406_6678.png,406,406_6678.png,0.6495236108707698,0.3947615418408556,0.199999998,0.028824664661449
baseline,407_University.png,University,university,0.915299952030182,0.9,0,23.0806645462808,0.0,84168740.0,0.0,0.2549019607843137,0.0,407_University.png,407,407_University.png,0.7723244171883883,0.5612672108066059,0.2392156838823529,0.037436701918729
baseline,408_6868.png,6868,gs68,0.4671286046504974,0.5,0,73.5372046551065,0.0,138131468.0,0.0,0.7098039215686275,0.0,408_6868.png,408,408_6868.png,0.6706036312597095,0.4545750617599419,0.7137254830588237,0.0283717701831971
baseline,409_922.png,922,922,0.4789138734340668,1.0,1,36.366229697563504,0.0,109958866.0,0.0,0.3607843137254902,0.0,409_922.png,409,409_922.png,0.6985334624071996,0.3817015139994138,0.3607843101176471,0.0344511529947583
baseline,410_ACC.png,ACC,accs,0.2096910625696182,0.0,0,60.95624083430709,0.0,35727816.0,0.0,0.6235294117647059,0.0,410_ACC.png,410,410_ACC.png,0.6819859747365619,0.4194473578168052,0.6274509741176472,0.0310848135732536
baseline,411_ACCIDENTES.png,ACCIDENTES,accidentes,0.0235245265066623,0.0,0,65.58068466450383,0.0,254741568.0,0.0,0.6862745098039216,0.0,411_ACCIDENTES.png,411,411_ACCIDENTES.png,0.7735873047434756,0.4287817012318564,0.6862745029411765,0.0507042536734053
baseline,412_AGE.png,AGE,age,0.3768282532691955,0.0,0,46.4740196415702,0.0,77328428.0,0.0,0.4705882352941176,0.0,412_AGE.png,412,412_AGE.png,0.7609941505486553,0.3561888281666215,0.4705882305882353,0.0271980831798965
baseline,413_ALLIED.png,ALLIED,allied,0.0137751596048474,0.0,0,22.3344665677698,0.0,34033878.0,0.0,0.192156862745098,0.0,413_ALLIED.png,413,413_ALLIED.png,0.7059866218538668,0.3797106609565998,0.1909803902470599,0.0612858372627697
baseline,414_ALLOWED.png,ALLOWED,ulowedd,0.0014284392818808,0.0,0,31.68982672644035,0.0,33186868.0,0.0,0.3333333333333333,0.0,414_ALLOWED.png,414,414_ALLOWED.png,0.7091798328641155,0.4457708201842053,0.33333333,0.0363597584972577
baseline,415_AMAZING.png,AMAZING,amazing,0.6475735306739807,0.0,0,19.04363427046037,0.0,77821004.0,0.0,0.192156862745098,0.0,415_AMAZING.png,415,415_AMAZING.png,0.7407524718698821,0.3881899601475211,0.1921568608235294,0.0315933063200363
baseline,416_AND.png,AND,and,0.2002187520265579,0.0,0,63.52048474573462,0.0,98584036.0,0.0,0.6392156862745098,0.0,416_AND.png,416,416_AND.png,0.7901848767492233,0.364445658794831,0.6352941112941177,0.0348532270449979
baseline,417_ARE.png,ARE,are,0.0001525282859802,0.0,0,64.27398821004513,0.0,23279358.0,0.0,0.6196078431372549,0.0,417_ARE.png,417,417_ARE.png,0.7522284326961519,0.3321308285872603,0.6196078369411766,0.0325102740698485
baseline,418_ARE.png,ARE,are,0.2235511839389801,0.0,0,21.63243286428936,0.0,25248668.0,0.0,0.2274509803921568,0.0,418_ARE.png,418,418_ARE.png,0.6453969023706205,0.1674704737827772,0.227450978117647,0.0203796978055784
baseline,419_ARRY.png,ARRY,arry,0.9778932332992554,0.0,0,44.78371207696485,0.0,225579080.0,0.0,0.4313725490196078,0.0,419_ARRY.png,419,419_ARRY.png,0.7715649078970175,0.2801350781670635,0.4352941132941177,0.0649780797589807
baseline,420_ATTENTION.png,ATTENTION,attention,0.3458428680896759,0.0,0,48.213994372396414,0.0,385214236.0,0.0,0.5215686274509804,0.0,420_ATTENTION.png,420,420_ATTENTION.png,0.7745311776722066,0.3581983341439116,0.5215686222352942,0.02735267948664
baseline,421_ATTORENYS.png,ATTORENYS,atrorneved,0.0667259097099304,0.0,0,60.44835144375717,0.0,163481762.0,0.0,0.5843137254901961,0.0,421_ATTORENYS.png,421,421_ATTORENYS.png,0.7590133333791778,0.4258937693333184,0.5882352882352943,0.0463606279109802
baseline,422_AUTO.png,AUTO,aun,0.0042377826757729,0.0,0,56.64987906918365,0.0,144666426.0,0.0,0.5568627450980392,0.0,422_AUTO.png,422,422_AUTO.png,0.720871493085534,0.7341598340700842,0.505882347882353,0.0363020441774985
baseline,423_Arceies.png,Arceies,uhgrn,2.2849399101687595e-06,0.0,0,30.60558337617614,0.0,61138036.0,0.0,0.2980392156862745,0.0,423_Arceies.png,423,423_Arceies.png,0.681664778548465,0.5327069523120322,0.3019607812941177,0.0234334631014968
baseline,424_Av.png,Av,av,0.2321483939886093,0.5,0,35.739991025204176,0.0,40514324.0,0.0,0.3764705882352941,0.0,424_Av.png,424,424_Av.png,0.6520747381147608,0.3187990026115129,0.3764705844705883,0.0226583497881768
baseline,425_BACK.png,BACK,back,0.8425111174583435,0.0,0,43.413949121249615,0.0,118488992.0,0.0,0.4470588235294118,0.0,425_BACK.png,425,425_BACK.png,0.8040989501538064,0.2602506203045966,0.4470588190588236,0.0217625302337228
baseline,426_BAKERY.png,BAKERY,bakerye,0.2563613653182983,0.0,0,69.66986316093487,0.0,464804360.0,0.0,0.6509803921568628,0.0,426_BAKERY.png,426,426_BAKERY.png,0.7417164951527966,0.3951736250724953,0.650980385647059,0.0175780050353051
baseline,427_BEST.png,BEST,beste,0.0376197472214698,0.0,0,29.02115736572273,0.0,58842686.0,0.0,0.2941176470588235,0.0,427_BEST.png,427,427_BEST.png,0.7140381290244818,0.4320473147579878,0.2901960755294118,0.0706481525302875
baseline,428_BIG.png,BIG,sig,0.2135037928819656,0.0,0,43.95551694194524,0.0,75886480.0,0.0,0.4745098039215686,0.0,428_BIG.png,428,428_BIG.png,0.6468674920372023,0.4224702219055929,0.4745097991764706,0.0236211308998834
baseline,429_BLOCK.png,BLOCK,block,0.3464950025081634,0.0,0,34.608399352776964,0.0,66262794.0,0.0,0.3490196078431372,0.0,429_BLOCK.png,429,429_BLOCK.png,0.7183914769599408,0.4000130721477,0.3450980357647059,0.0794982067657329
baseline,430_BOOTH.png,BOOTH,booth,0.2223905175924301,0.0,0,39.94765860854997,0.0,241389266.0,0.0,0.4,0.0,430_BOOTH.png,430,430_BOOTH.png,0.7407608998767488,0.340889875461359,0.4039215645882353,0.0326170023502014
baseline,431_BR.png,BR,br,0.6982076168060303,0.0,0,57.68663917025916,0.0,107495570.0,0.0,0.6274509803921569,0.0,431_BR.png,431,431_BR.png,0.7704872771995551,0.2962245164006492,0.6274509741176472,0.0202517835675587
baseline,432_BRICK.png,BRICK,emick,0.0099349254742264,0.0,0,32.40480918329839,0.0,55686428.0,0.0,0.3254901960784314,0.0,432_BRICK.png,432,432_BRICK.png,0.7130208638206641,0.3942816397491431,0.3254901928235295,0.0858500226094129
baseline,433_BROTH.png,BROTH,broth,0.0047951382584869,0.0,0,41.42619259652592,0.0,241238576.0,0.0,0.392156862745098,0.0,433_BROTH.png,433,433_BROTH.png,0.7434128425177975,0.1937169204137215,0.3921568588235294,0.0226816946613796
baseline,434_BROWN.png,BROWN,brown,0.0594681948423385,0.0,0,40.62419086367649,0.0,101542428.0,0.0,0.4392156862745098,0.0,434_BROWN.png,434,434_BROWN.png,0.7286688342085302,0.3485571795691589,0.4352941132941177,0.0897022924517293
baseline,435_BURRITOS.png,BURRITOS,purritos,0.0836649239063263,0.0,0,47.54940773815651,0.0,420737908.0,0.0,0.4705882352941176,0.0,435_BURRITOS.png,435,435_BURRITOS.png,0.7700694699480973,0.291662019480449,0.4705882305882353,0.0273796073519284
baseline,436_BUY.png,BUY,buy,0.0598128996789455,0.0,0,11.068931178184604,0.0,9561936.0,0.0,0.1098039215686274,0.0,436_BUY.png,436,436_BUY.png,0.5084878346800492,0.1463095520088606,0.1098039204705882,0.0068871822306691
baseline,437_Bald.png,Bald,bald,0.0328214690089225,0.75,0,36.62633783361156,0.0,105914816.0,0.0,0.3803921568627451,0.0,437_Bald.png,437,437_Bald.png,0.6849038327809305,0.3207325677602324,0.3803921530588235,0.0192760672706116
baseline,438_Bank.png,Bank,bank,0.003143563400954,0.75,0,44.45919512812115,0.0,150925338.0,0.0,0.4666666666666667,0.0,438_Bank.png,438,438_Bank.png,0.7086823301309579,0.3454330602140272,0.466666662,0.0412452594399294
baseline,439_Blvd.png,Blvd,bivde,0.0298280082643032,0.4,0,36.81843909559288,0.0,122265792.0,0.0,0.3607843137254902,0.0,439_Blvd.png,439,439_Blvd.png,0.713772440145983,0.4268724220186816,0.3607843101176471,0.0301346635205598
baseline,440_Buy .png,Buy,buy,0.2421872615814209,0.6666666666666667,0,23.68504603494261,0.0,33604592.0,0.0,0.2431372549019607,0.0,440_Buy .png,440,440_Buy .png,0.6773616073431388,0.4025750072937786,0.2431372524705882,0.0346381926282156
baseline,441_CABINET.png,CABINET,onr,2.2411095415009186e-06,0.0,0,26.565785760280303,0.0,126564096.0,0.0,0.1333333333333333,0.0,441_CABINET.png,441,441_CABINET.png,0.771228045858984,0.9453875156867364,0.1372549005882353,0.0059282212756937
baseline,442_CARPOOLS.png,CARPOOLS,carpools,0.3280982375144958,0.0,0,10.409364325476806,0.0,12164402.0,0.0,0.1019607843137254,0.0,442_CARPOOLS.png,442,442_CARPOOLS.png,0.6694757039178432,0.3914515951300098,0.1019607832941176,0.0293708374493378
baseline,443_CASH.png,CASH,cas,0.000703533005435,0.0,0,40.14448782429988,0.0,36278216.0,0.0,0.4196078431372549,0.0,443_CASH.png,443,443_CASH.png,0.7508414338555603,0.708263598689706,0.4235294075294118,0.0390618365352933
baseline,444_CAUTION.png,CAUTION,caution,0.0235392749309539,0.0,0,16.823894199882925,0.0,78101716.0,0.0,0.1450980392156863,0.0,444_CAUTION.png,444,444_CAUTION.png,0.7181035421381832,0.2799887927183193,0.1490196063529412,0.0222730545564669
baseline,445_CEMENT.png,CEMENT,ceiment,0.0253416541963815,0.0,0,47.00907624935187,0.0,112981396.0,0.0,0.4862745098039215,0.0,445_CEMENT.png,445,445_CEMENT.png,0.7386261310772031,0.442090037870526,0.4823529363529412,0.0879475411943105
baseline,446_CENTER.png,CENTER,chr,0.0027939404826611,0.0,0,50.74926623604144,0.0,181069816.0,0.0,0.5058823529411764,0.0,446_CENTER.png,446,446_CENTER.png,0.7450376225948354,0.7951117951130307,0.5098039164705883,0.0283517249136958
baseline,447_CHEVROLET.png,CHEVROLET,chevrolete,0.1309878826141357,0.0,0,25.500351866524856,0.0,211961136.0,0.0,0.2588235294117647,0.0,447_CHEVROLET.png,447,447_CHEVROLET.png,0.8009127718283566,0.5172988010360736,0.2588235268235295,0.0248472175894307
baseline,448_CHOICE.png,CHOICE,choice,0.298831045627594,0.0,0,30.614463333272894,0.0,31330238.0,0.0,0.3254901960784314,0.0,448_CHOICE.png,448,448_CHOICE.png,0.6985703673440806,0.4464823065773479,0.3254901928235295,0.0588045078567572
baseline,449_CID.png,CID,cu,0.2418511360883712,0.0,0,48.81154918208989,0.0,20597520.0,0.0,0.5843137254901961,0.0,449_CID.png,449,449_CID.png,0.6474752887209573,0.3066258449130513,0.5843137196470589,0.0295064621219967
baseline,450_CLEARANCE.png,CLEARANCE,clearratel,0.001142700552009,0.0,0,11.114124984522771,0.0,17591904.0,0.0,0.1019607843137254,0.0,450_CLEARANCE.png,450,450_CLEARANCE.png,0.6617505762153874,0.2551717018555078,0.0980392147058823,0.026008691048926
baseline,451_COFFEE.png,COFFEE,coptr,0.0001390201796311,0.0,0,56.826899786366376,0.0,349105338.0,0.0,0.5647058823529412,0.0,451_COFFEE.png,451,451_COFFEE.png,0.7497377618300386,0.5568637846789655,0.5686274452941177,0.0230935436545203
baseline,452_COTTI.png,COTTI,coiil,3.051794556085952e-05,0.0,0,53.86773497473792,0.0,228699514.0,0.0,0.5294117647058824,0.0,452_COTTI.png,452,452_COTTI.png,0.7395584616080416,0.4954551284743549,0.5294117594117648,0.0339396697209042
baseline,453_CRAB.png,CRAB,crab,0.1363319009542465,0.0,0,59.53615376257462,0.0,195968166.0,0.0,0.6235294117647059,0.0,453_CRAB.png,453,453_CRAB.png,0.7107618359911869,0.3589407794505052,0.6274509741176472,0.0271981954434515
baseline,454_Cath.png,Cath,cathf,0.3219472169876098,0.6,0,45.60866305863226,0.0,173895186.0,0.0,0.4627450980392157,0.0,454_Cath.png,454,454_Cath.png,0.7065708236567584,0.2928941466007891,0.4627450934117648,0.0683322650997956
baseline,455_Chevrole.png,Chevrole,chevrolee,0.0185740627348423,0.7777777777777778,0,30.51533946090021,0.0,111636300.0,0.0,0.2901960784313726,0.0,455_Chevrole.png,455,455_Chevrole.png,0.7367220666764589,0.5152973460124184,0.2901960755294118,0.0333817926932799
baseline,456_Crispy.png,Crispy,crispy,0.1663514673709869,0.8333333333333334,0,20.635981729322516,0.0,23899922.0,0.0,0.2,0.0,456_Crispy.png,456,456_Crispy.png,0.6663825781643893,0.3550433169985248,0.1960784294117647,0.0338897564074997
baseline,457_DESSERT.png,DESSERT,besser,0.0467737354338169,0.0,0,61.58889155045107,0.0,262618746.0,0.0,0.6274509803921569,0.0,457_DESSERT.png,457,457_DESSERT.png,0.7226107987194841,0.3195412685594496,0.6274509741176472,0.0243610612299401
baseline,458_DODGE.png,DODGE,bodei,0.1135269924998283,0.0,0,54.500393774281285,0.0,216708328.0,0.0,0.5568627450980392,0.0,458_DODGE.png,458,458_DODGE.png,0.7588457223680036,0.8228588274910534,0.5568627395294119,0.0729211662162436
baseline,459_DUKE.png,DUKE,qnune,0.0167902819812297,0.0,0,71.1221719645685,0.0,256879316.0,0.0,0.6901960784313725,0.0,459_DUKE.png,459,459_DUKE.png,0.7039472450545807,0.4087463327581605,0.6941176401176471,0.0202767567341685
baseline,460_Drinks.png,Drinks,danb,0.0011780434288084,0.1666666666666666,0,33.020764138474966,0.0,105310856.0,0.0,0.3450980392156862,0.0,460_Drinks.png,460,460_Drinks.png,0.7232467329716782,0.368052559062838,0.3450980357647059,0.0311740179017844
baseline,461_DuoDuo.png,DuoDuo,duoduo,0.95723694562912,0.6666666666666667,0,61.6427800198857,0.0,260156130.0,0.0,0.5882352941176471,0.0,461_DuoDuo.png,461,461_DuoDuo.png,0.7293775389500458,0.4291113510970116,0.5882352882352943,0.0277419900980596
baseline,462_EASIER.png,EASIER,easier,0.0194779187440872,0.0,0,58.95661267034463,0.0,905657016.0,0.0,0.5686274509803921,0.0,462_EASIER.png,462,462_EASIER.png,0.8044706341761728,0.3377105196758377,0.5686274452941177,0.0797722841760578
baseline,463_ECS.png,ECS,bes,0.0014070605393499,0.0,0,19.23200390073825,0.0,11449956.0,0.0,0.196078431372549,0.0,463_ECS.png,463,463_ECS.png,0.7604601081705178,0.9112159306219434,0.1960784294117647,0.0119751860834983
baseline,464_ENT.png,ENT,ens,0.1329389959573745,0.0,0,55.07145691654285,0.0,23033500.0,0.0,0.6196078431372549,0.0,464_ENT.png,464,464_ENT.png,0.655244616822808,0.3592302958475417,0.6235294055294118,0.0290612722832636
baseline,465_ENTE.png,ENTE,ente,0.8871687054634094,0.0,0,55.58236428771984,0.0,416385380.0,0.0,0.5647058823529412,0.0,465_ENTE.png,465,465_ENTE.png,0.7575667513664449,0.5259128502676976,0.5647058767058825,0.0311354118199853
baseline,466_EXCEPT.png,EXCEPT,except,0.1188077181577682,0.0,0,41.70614249193314,0.0,53073454.0,0.0,0.4274509803921568,0.0,466_EXCEPT.png,466,466_EXCEPT.png,0.7761615113912361,0.6113399312395262,0.4274509761176471,0.0530306027710338
baseline,467_EXIT.png,EXIT,ext,0.0009990623220801,0.0,0,24.567659053086043,0.0,93147398.0,0.0,0.2313725490196078,0.0,467_EXIT.png,467,467_EXIT.png,0.7027546370159666,0.3317466769801267,0.2313725467058824,0.0232865623548996
baseline,468_FAVORITE.png,FAVORITE,favorite,0.4077696502208709,0.0,0,19.654239876818053,0.0,46522382.0,0.0,0.2078431372549019,0.0,468_FAVORITE.png,468,468_FAVORITE.png,0.7055198548959484,0.5861148862669243,0.2078431351764706,0.0276044552064714
baseline,469_FIGHT.png,FIGHT,fight,0.9856179356575012,0.0,0,53.695582854653104,0.0,240003660.0,0.0,0.5098039215686274,0.0,469_FIGHT.png,469,469_FIGHT.png,0.7361770059516399,0.3232161162240684,0.5098039164705883,0.1226833742659239
baseline,470_FLAVORFU.png,FLAVORFU,bvceed,0.0024826440494507,0.0,0,43.86683713740493,0.0,127453568.0,0.0,0.4666666666666667,0.0,470_FLAVORFU.png,470,470_FLAVORFU.png,0.6927600803377155,0.2015825241962988,0.4627450934117648,0.0203752551735405
baseline,471_FOR.png,FOR,for,0.7651557326316833,0.0,0,17.88954290225332,0.0,59112848.0,0.0,0.1372549019607843,0.0,471_FOR.png,471,471_FOR.png,0.6994568605657754,0.1914666081498389,0.1411764691764706,0.0246363359072938
baseline,472_FULL.png,FULL,full,0.2077415585517883,0.0,0,53.72536712746629,0.0,82063796.0,0.0,0.5254901960784314,0.0,472_FULL.png,472,472_FULL.png,0.7026328140117635,0.5258976952517267,0.5254901908235295,0.138804266109541
baseline,473_Ford.png,Ford,ford,0.0484438762068748,0.75,0,37.01492081504206,0.0,102585260.0,0.0,0.3686274509803922,0.0,473_Ford.png,473,473_Ford.png,0.742186725701382,0.8912085801805267,0.3686274472941177,0.0071638676367056
baseline,474_GAO.png,GAO,gao,0.1490222960710525,0.0,0,67.25642847458872,0.0,200104950.0,0.0,0.7019607843137254,0.0,474_GAO.png,474,474_GAO.png,0.7008393459799696,0.5542749100771697,0.7058823458823531,0.0256744703651516
baseline,475_GOO.png,GOO,goo,0.2367755472660064,0.0,0,23.70908461330276,0.0,86741582.0,0.0,0.2235294117647059,0.0,475_GOO.png,475,475_GOO.png,0.7184607883754297,0.1968112225216836,0.2235294095294118,0.0245620900151576
baseline,476_GOOD.png,GOOD,good,0.2150067687034607,0.0,0,38.50044341489344,0.0,47716418.0,0.0,0.2352941176470588,0.0,476_GOOD.png,476,476_GOOD.png,0.7864475367829792,0.2812333926585304,0.2317647035647055,0.0495218473149847
baseline,477_HALLOW.png,HALLOW,hallow,0.5970973968505859,0.0,0,44.79771644377275,0.0,324265668.0,0.0,0.5019607843137255,0.0,477_HALLOW.png,477,477_HALLOW.png,0.7562302174351975,0.3563622228022188,0.5019607792941178,0.0301056943950267
baseline,478_HERE.png,HERE,here,0.5503221154212952,0.0,0,13.429525185575272,0.0,5813866.0,0.0,0.1333333333333333,0.0,478_HERE.png,478,478_HERE.png,0.5951190977296533,0.124133332092,0.133333332,0.0494340279568603
baseline,479_HILLS.png,HILLS,hills,0.2014985382556915,0.0,0,41.02870467382978,0.0,119811090.0,0.0,0.4117647058823529,0.0,479_HILLS.png,479,479_HILLS.png,0.7306029157085551,0.4910415099500335,0.4078431331764706,0.0411489088232331
baseline,480_HMO.png,HMO,chmol,0.027116997167468,0.0,0,17.325582557559038,0.0,20491636.0,0.0,0.196078431372549,0.0,480_HMO.png,480,480_HMO.png,0.6763107386969304,0.3823880905259097,0.1960784294117647,0.0483076902860672
baseline,481_HOURS.png,HOURS,hours,0.2107066214084625,0.0,0,38.70130375622491,0.0,68630846.0,0.0,0.4156862745098039,0.0,481_HOURS.png,481,481_HOURS.png,0.7120954591525206,0.6939254843315203,0.4156862703529412,0.0383980599138673
baseline,482_HURRY.png,HURRY,hurry,0.0024212363641709,0.0,0,17.678739752524603,0.0,16644564.0,0.0,0.1333333333333333,0.0,482_HURRY.png,482,482_HURRY.png,0.7473766345585293,0.9579775362772772,0.133333332,0.0531931360485504
baseline,483_Houses.png,Houses,houses,0.0641884207725524,0.8333333333333334,0,27.009029435433582,0.0,47934492.0,0.0,0.2745098039215686,0.0,483_Houses.png,483,483_Houses.png,0.698335183614033,0.4269043979887413,0.2784313697647059,0.030752089631797
baseline,484_Hwy.png,Hwy,hwy,0.3969278335571289,0.6666666666666667,0,22.847114532946936,0.0,18855572.0,0.0,0.2352941176470588,0.0,484_Hwy.png,484,484_Hwy.png,0.6547737155877291,0.3201681717606109,0.2313725467058824,0.0351827823046369
baseline,485_ICKED.png,ICKED,ckeh,0.0323844589293003,0.0,0,24.806350599884414,0.0,96104130.0,0.0,0.2549019607843137,0.0,485_ICKED.png,485,485_ICKED.png,0.7157623211830834,0.2335923152468477,0.2588235268235295,0.0327808770873514
baseline,486_IN.png,IN,in,0.0114208748564124,0.0,0,44.93409040532628,0.0,33113160.0,0.0,0.4745098039215686,0.0,486_IN.png,486,486_IN.png,0.6405542469951236,0.4545215294151147,0.4705882305882353,0.0352685607328792
baseline,487_JACOBY.png,JACOBY,jacoby,0.2316045016050338,0.0,0,46.74069349362458,0.0,105141922.0,0.0,0.4823529411764706,0.0,487_JACOBY.png,487,487_JACOBY.png,0.7494545097007531,0.5171000746799441,0.4823529363529412,0.0931164030316205
baseline,488_Jeep.png,Jeep,jeep,0.0303657334297895,0.75,0,34.483432212981825,0.0,73870362.0,0.0,0.3411764705882353,0.0,488_Jeep.png,488,488_Jeep.png,0.7276162487990955,0.8846615464971714,0.3411764671764706,0.0693214082188555
baseline,489_KABOB.png,KABOB,kabob,0.2415146678686142,0.0,0,65.61166250387201,0.0,251032610.0,0.0,0.6666666666666666,0.0,489_KABOB.png,489,489_KABOB.png,0.7442364716317679,0.3908045352687364,0.6627450914117647,0.0587727495143302
baseline,490_KAISER.png,KAISER,mos,0.0001620465627638,0.0,0,49.28726494631228,0.0,226533384.0,0.0,0.4627450980392157,0.0,490_KAISER.png,490,490_KAISER.png,0.8600259725100614,0.7793716293100258,0.4599999953999972,0.0242727518546321
baseline,491_KER.png,KER,ker,0.539061963558197,0.0,0,41.2167654135034,0.0,155280000.0,0.0,0.396078431372549,0.0,491_KER.png,491,491_KER.png,0.7411808556977628,0.2624370878057212,0.3960784274117647,0.1000964578904234
baseline,492_KFC.png,KFC,kfc,0.065246433019638,0.0,0,54.05289206994081,0.0,376155332.0,0.0,0.6235294117647059,0.0,492_KFC.png,492,492_KFC.png,0.7148371879206485,0.3549301780803062,0.6235294055294118,0.0199698033331193
baseline,493_KING.png,KING,king,0.3881277740001678,0.0,0,32.101163566254,0.0,21300402.0,0.0,0.3176470588235294,0.0,493_KING.png,493,493_KING.png,0.6649534907544501,0.2572548993882353,0.3176470556470588,0.0395172047040745
baseline,494_L.L.png,L.L,l,0.0087916702032089,0.0,0,50.066517393419474,0.0,189090914.0,0.0,0.4784313725490196,0.0,494_L.L.png,494,494_L.L.png,0.7473646344624453,0.665277797003792,0.4784313677647059,0.0478878100695833
baseline,495_LANDROVER.png,LANDROVER,lndrover,0.0227987747639417,0.0,0,20.674937477701167,0.0,189834864.0,0.0,0.1411764705882353,0.0,495_LANDROVER.png,495,495_LANDROVER.png,0.793969713560799,0.4457398137852255,0.1450980377647059,0.0162318279249088
baseline,496_LION.png,LION,lion,0.7487748265266418,0.0,0,28.362685472331567,0.0,69290770.0,0.0,0.3019607843137254,0.0,496_LION.png,496,496_LION.png,0.7054038580114325,0.2024234426622822,0.3019607812941177,0.2763453682017672
baseline,497_LYFT.png,LYFT,ween,0.2772886753082275,0.0,0,31.612436599360155,0.0,144157984.0,0.0,0.3137254901960784,0.0,497_LYFT.png,497,497_LYFT.png,0.7291973424809025,0.4720017669247672,0.3137254870588236,0.0275969830232156
baseline,498_Lower.png,Lower,lower,0.2201247811317443,0.8,0,29.36679805539752,0.0,16744282.0,0.0,0.3215686274509804,0.0,498_Lower.png,498,498_Lower.png,0.6594117360592993,0.6779190776824469,0.3196078399411765,0.0573754773353897
baseline,499_MADE.png,MADE,made,0.356919914484024,0.0,0,37.4513565750615,0.0,348668188.0,0.0,0.3764705882352941,0.0,499_MADE.png,499,499_MADE.png,0.7742658824709489,0.2177558296944859,0.3764705844705883,0.0684825872261831
baseline,500_MADE.png,MADE,made,0.6394872069358826,0.0,0,36.110805232287326,0.0,31020498.0,0.0,0.4,0.0,500_MADE.png,500,500_MADE.png,0.6927828604605996,0.2238446148536737,0.3999999960000001,0.0607788869507435
baseline,501_MAKKEE.png,MAKKEE,markee,0.0486641488969326,0.0,0,56.30376425019333,0.0,269735974.0,0.0,0.592156862745098,0.0,501_MAKKEE.png,501,501_MAKKEE.png,0.734951789958846,0.3165633832913191,0.5921568568235295,0.0302323267024225
baseline,502_MALUJI.png,MALUJI,malug,0.1346960067749023,0.0,0,58.99496777597367,0.0,1118893454.0,0.0,0.5372549019607843,0.0,502_MALUJI.png,502,502_MALUJI.png,0.7840819007163007,0.5167583622383662,0.5333333280000001,0.0335740375648946
baseline,503_MALUJISUANLAFEN.png,MALUJISUANLAFEN,momnman,3.1118072563174333e-09,0.0,0,20.76608124564324,0.0,942002314.0,0.0,0.1019607843137254,0.0,503_MALUJISUANLAFEN.png,503,503_MALUJISUANLAFEN.png,0.787527325286933,0.217148562925051,0.1019607832941176,0.0439383419422408
baseline,504_MEETLOVE.png,MEETLOVE,crov,0.0023504039272665,0.0,0,46.13661431468024,0.0,221808258.0,0.0,0.4941176470588235,0.0,504_MEETLOVE.png,504,504_MEETLOVE.png,0.7026069736901905,0.4526343946112474,0.4941176421176471,0.0156998148982278
baseline,505_MEXICAN.png,MEXICAN,mexicane,0.0072594727389514,0.0,0,22.81774814816793,0.0,160715906.0,0.0,0.2039215686274509,0.0,505_MEXICAN.png,505,505_MEXICAN.png,0.7335464884348745,0.217446376046246,0.199999998,0.0162055288521192
baseline,506_MEYERS.png,MEYERS,meyers,0.6819994449615479,0.0,0,32.63163512561231,0.0,128147618.0,0.0,0.3415686274509889,0.0,506_MEYERS.png,506,506_MEYERS.png,0.7404048991384315,0.3698654476714408,0.3450980357647059,0.05170810772442
baseline,507_MOVE.png,MOVE,move,0.6012188196182251,0.0,0,13.347638562381803,0.0,10020696.0,0.0,0.1411764705882353,0.0,507_MOVE.png,507,507_MOVE.png,0.5524092836779363,0.1801094488260032,0.1411764691764706,0.0206328832494019
baseline,508_MY.png,MY,my,0.5538128614425659,0.0,0,25.944964541243877,0.0,26843042.0,0.0,0.3019607843137254,0.0,508_MY.png,508,508_MY.png,0.66163100695313,0.500084462857299,0.3019607812941177,0.0295388519184082
baseline,509_Mobil.png,Mobil,mobil,0.0250920969992876,0.8,0,31.07664982888448,0.0,53539596.0,0.0,0.3098039215686274,0.0,509_Mobil.png,509,509_Mobil.png,0.6983272487005423,0.8369004467266141,0.3137254870588236,0.0085528341607456
baseline,510_NEYS.png,NEYS,neysh,0.0775215849280357,0.0,0,41.72154618661298,0.0,68836264.0,0.0,0.5019607843137255,0.0,510_NEYS.png,510,510_NEYS.png,0.7224507989568248,0.3261735879850661,0.505882347882353,0.0481841972276421
baseline,511_NIVIRSA.png,NIVIRSA,ivirsa,0.0297088529914617,0.0,0,50.946330213610594,0.0,578534916.0,0.0,0.5764705882352941,0.0,511_NIVIRSA.png,511,511_NIVIRSA.png,0.7591205618029135,0.4197124666042828,0.5764705824705882,0.0238908052614241
baseline,512_NORTH.png,NORTH,norh,0.002131059532985,0.0,0,31.093638218804458,0.0,121134718.0,0.0,0.2823529411764706,0.0,512_NORTH.png,512,512_NORTH.png,0.7243116023634311,0.4400652788157206,0.2823529383529412,0.02721333002892
baseline,513_NOVEMBER.png,NOVEMBER,novehes,0.0051430249586701,0.0,0,16.37117478704819,0.0,13000824.0,0.0,0.1686274509803921,0.0,513_NOVEMBER.png,513,513_NOVEMBER.png,0.5971734972260637,0.1698261008331193,0.1647058807058823,0.0224669925149894
baseline,514_NURSES.png,NURSES,nurses,0.3180684149265289,0.0,0,59.31284218050587,0.0,76253220.0,0.0,0.6392156862745098,0.0,514_NURSES.png,514,514_NURSES.png,0.729840407744797,0.3895325922354512,0.6352941112941177,0.0512927041029233
baseline,515_OF.png,OF,of,0.0289868023246526,0.0,0,18.782513849452943,0.0,43370422.0,0.0,0.0980392156862745,0.0,515_OF.png,515,515_OF.png,0.7222708944915825,0.5364812489808974,0.094117646117647,0.0181803450529526
baseline,516_OLLYW.png,OLLYW,oiae,0.0001255721144843,0.0,0,28.100963256738183,0.0,114128170.0,0.0,0.2627450980392157,0.0,516_OLLYW.png,516,516_OLLYW.png,0.7094310366618699,0.3782139517253079,0.2627450954117648,0.0211099193910699
baseline,517_ONL.png,ONL,onu,0.0235273223370313,0.0,0,25.826860150350274,0.0,44772576.0,0.0,0.2352941176470588,0.0,517_ONL.png,517,517_ONL.png,0.6639966282646971,0.3234433749555925,0.2392156838823529,0.026912508282289
baseline,518_OVERNIGHT.png,OVERNIGHT,overmgnt,8.968984184321016e-05,0.0,0,38.291233852010784,0.0,100288030.0,0.0,0.388235294117647,0.0,518_OVERNIGHT.png,518,518_OVERNIGHT.png,0.7556758237642786,0.7643586773197601,0.3921568588235294,0.0302754866614365
baseline,519_Oak.png,Oak,oak,0.253773957490921,0.6666666666666667,0,28.60060027705054,0.0,28099916.0,0.0,0.2901960784313726,0.0,519_Oak.png,519,519_Oak.png,0.671652941991742,0.3587816363408824,0.2901960755294118,0.1065671838161337
baseline,520_OfP.png,OfP,ofpe,0.0745350643992424,0.25,0,30.46346993111267,0.0,37719882.0,0.0,0.3137254901960784,0.0,520_OfP.png,520,520_OfP.png,0.6604494990771085,0.4874474806011969,0.3098039184705883,0.0470115957694394
baseline,521_PAR.png,PAR,par,0.9716233611106871,0.0,0,42.408038545257554,0.0,138368096.0,0.0,0.4156862745098039,0.0,521_PAR.png,521,521_PAR.png,0.7299466630033614,0.3137037005666667,0.4156862703529412,0.0833294269787025
baseline,522_PARENTS.png,PARENTS,parents,0.9178016781806946,0.0,0,46.58524857592888,0.0,264622590.0,0.0,0.4705882352941176,0.0,522_PARENTS.png,522,522_PARENTS.png,0.7495526700716179,0.3369971567159432,0.4705882305882353,0.0259634029622446
baseline,523_PERMANENTE.png,PERMANENTE,permanente,0.922879159450531,0.0,0,64.06413419753353,0.0,387286356.0,0.0,0.6431372549019608,0.0,523_PERMANENTE.png,523,523_PERMANENTE.png,0.8738174451399615,0.5887752351066666,0.6431372484705884,0.062058492059147
baseline,524_PERSONS.png,PERSONS,persons,0.2607109844684601,0.0,0,6.609071335516758,0.0,2835952.0,0.0,0.0705882352941176,0.0,524_PERSONS.png,524,524_PERSONS.png,0.6090566048646763,0.6154950643029,0.0705882345882353,0.0237536486917285
baseline,525_PICKUP.png,PICKUP,pickup,0.887373685836792,0.0,0,51.24677547605417,0.0,89072352.0,0.0,0.4823529411764706,0.0,525_PICKUP.png,525,525_PICKUP.png,0.7103527575879017,0.3089708163701512,0.4823529363529412,0.1890361998615141
baseline,526_PIPE.png,PIPE,pipt,0.1283154040575027,0.0,0,48.31308392315368,0.0,55439102.0,0.0,0.4941176470588235,0.0,526_PIPE.png,526,526_PIPE.png,0.7154301551198365,0.472555346581636,0.4941176421176471,0.0977205048481483
baseline,527_PLAN.png,PLAN,plan,0.25474813580513,0.0,0,16.305313339529505,0.0,15085240.0,0.0,0.1764705882352941,0.0,527_PLAN.png,527,527_PLAN.png,0.6698682219095687,0.3799246327220288,0.1803921550588235,0.0420067585938969
baseline,528_PUENIE.png,PUENIE,puenee,0.0001282505254494,0.0,0,55.18787816086273,0.0,206899366.0,0.0,0.5372549019607843,0.0,528_PUENIE.png,528,528_PUENIE.png,0.7536730060854793,0.6515623741888704,0.5411764651764707,0.0472827451669581
baseline,529_Passion.png,Passion,jeesior,0.0009660339565016,0.4285714285714286,0,35.46333967907554,0.0,172482916.0,0.0,0.3058823529411765,0.0,529_Passion.png,529,529_Passion.png,0.7299951836151357,0.2515466296987401,0.3764705844705883,0.0526536217280985
baseline,530_Pepper.png,Pepper,pepper,0.606730043888092,0.8333333333333334,0,30.69716900010152,0.0,28137504.0,0.0,0.3294117647058823,0.0,530_Pepper.png,530,530_Pepper.png,0.6849798406007483,0.411643753307854,0.3254901928235295,0.0729870770270143
baseline,531_Please.png,Please,please,0.9837055802345276,0.8333333333333334,0,40.97101844481949,0.0,191333272.0,0.0,0.4078431372549019,0.0,531_Please.png,531,531_Please.png,0.7446701642664122,0.1976554855075326,0.4078431331764706,0.0135019108363737
baseline,532_Puente.png,Puente,run,1.8322224377698149e-06,0.3333333333333333,0,61.59071614765568,0.0,277434304.0,0.0,0.615686274509804,0.0,532_Puente.png,532,532_Puente.png,0.7473886795733112,0.8436135034045511,0.611764699764706,0.0146074899752739
baseline,533_RAM.png,RAM,rame,0.0748477578163147,0.0,0,32.86212898961656,0.0,30770220.0,0.0,0.3294117647058823,0.0,533_RAM.png,533,533_RAM.png,0.7031252624799904,0.8804362130742448,0.3294117614117647,0.0643826067870492
baseline,534_RANT.png,RANT,rant,0.0330308377742767,0.0,0,16.323754017748747,0.0,61216390.0,0.0,0.1490196078431372,0.0,534_RANT.png,534,534_RANT.png,0.6706554259087619,0.6359659624609622,0.1529411749411765,0.0199449798876022
baseline,535_READY.png,READY,ready,0.8173115253448486,0.0,0,42.97244136539434,0.0,160536136.0,0.0,0.3725490196078431,0.0,535_READY.png,535,535_READY.png,0.7096779404589663,0.2515926732614549,0.372549015882353,0.0244978549076313
baseline,536_RUNNING.png,RUNNING,running,0.0358264967799186,0.0,0,52.91412495333804,0.0,70184398.0,0.0,0.5098039215686274,0.0,536_RUNNING.png,536,536_RUNNING.png,0.8062534808856908,0.6505702177961399,0.5098039164705883,0.0558679939163931
baseline,537_RUSS.png,RUSS,russ,0.5771024823188782,0.0,0,40.192733143512974,0.0,47973852.0,0.0,0.4470588235294118,0.0,537_RUSS.png,537,537_RUSS.png,0.6806097359321202,0.3411719770721364,0.4470588190588236,0.0866232921028234
baseline,538_Rd.png,Rd,rd,0.0878334566950798,0.5,0,37.17282490195026,0.0,71568396.0,0.0,0.3607843137254902,0.0,538_Rd.png,538,538_Rd.png,0.7117379286573089,0.4312175331602178,0.3647058787058824,0.0271199426727049
baseline,539_SAFETY.png,SAFETY,safenve,0.0377319306135177,0.0,0,38.57599654009172,0.0,69911186.0,0.0,0.4156862745098039,0.0,539_SAFETY.png,539,539_SAFETY.png,0.7169054174791091,0.6297704607971792,0.4117647017647059,0.0486537466677126
baseline,540_SAND.png,SAND,eande,0.0343383997678756,0.0,0,34.43604018228461,0.0,50604942.0,0.0,0.3568627450980392,0.0,540_SAND.png,540,540_SAND.png,0.7068183215260719,0.4113190345919734,0.3568627415294118,0.0748819079607857
baseline,541_SAVE.png,SAVE,save,0.2396905273199081,0.0,0,50.9609750273666,0.0,174641820.0,0.0,0.5607843137254902,0.0,541_SAVE.png,541,541_SAVE.png,0.6766440424613734,0.3018562363404016,0.5607843081176471,0.0219376426695612
baseline,542_SCA.png,SCA,sca,0.0230860244482755,0.0,0,19.314662317044032,0.0,7808234.0,0.0,0.2078431372549019,0.0,542_SCA.png,542,542_SCA.png,0.7040730813479479,0.3271926452738416,0.2039215665882353,0.0470728036774521
baseline,543_SCOAL.png,SCOAL,socal,0.5001223087310791,0.0,0,55.09992376040594,0.0,81047224.0,0.0,0.596078431372549,0.0,543_SCOAL.png,543,543_SCOAL.png,0.7067596590629815,0.4188890375876642,0.5960784254117648,0.1184001715507203
baseline,544_SELLING.png,SELLING,selling,0.4097762107849121,0.0,0,41.57878983728764,0.0,63952886.0,0.0,0.4,0.0,544_SELLING.png,544,544_SELLING.png,0.8082684480917447,0.3322986894874706,0.3999999960000001,0.0890682190456652
baseline,545_SILVERADO.png,SILVERADO,silverado,0.8469185829162598,0.0,0,49.5292560963556,0.0,109109860.0,0.0,0.5333333333333333,0.0,545_SILVERADO.png,545,545_SILVERADO.png,0.7441161995500859,0.4692913817161196,0.5294117594117648,0.0745985814377815
baseline,546_SIZE.png,SIZE,size,0.2970173358917236,0.0,0,49.36441021283004,0.0,69989806.0,0.0,0.4901960784313725,0.0,546_SIZE.png,546,546_SIZE.png,0.6766568064137616,0.3061800986084967,0.4901960735294118,0.3147469064663016
baseline,547_SOUTH.png,SOUTH,southe,0.0487946830689907,0.0,0,29.24557273677082,0.0,132781348.0,0.0,0.2666666666666666,0.0,547_SOUTH.png,547,547_SOUTH.png,0.7292622369805233,0.4470376754664628,0.2705882325882353,0.0262978125348327
baseline,548_SPACE.png,SPACE,spacee,0.0837524980306625,0.0,0,29.975542144960063,0.0,41629000.0,0.0,0.2980392156862745,0.0,548_SPACE.png,548,548_SPACE.png,0.705811795113139,0.5684517982162023,0.2980392127058824,0.0392811650523569
baseline,549_SPICY.png,SPICY,spicy,0.7407544255256653,0.0,0,40.12615154090962,0.0,64840414.0,0.0,0.4274509803921568,0.0,549_SPICY.png,549,549_SPICY.png,0.683962040611157,0.2374105376835925,0.4235294075294118,0.0204155687283354
baseline,550_STAND.png,STAND,stanse,0.0501586981117725,0.0,0,18.997770319833123,0.0,9995078.0,0.0,0.2196078431372549,0.0,550_STAND.png,550,550_STAND.png,0.6427149190671524,0.2137991776646483,0.2235294095294118,0.0369800285227867
baseline,551_STONE.png,STONE,ston,0.0285334475338459,0.0,0,47.29188615828564,0.0,67487026.0,0.0,0.4705882352941176,0.0,551_STONE.png,551,551_STONE.png,0.7132547825691599,0.5475254494076915,0.4705882305882353,0.0713194701481909
baseline,552_STORE.png,STORE,astore,0.0060065705329179,0.0,0,41.53582470437748,0.0,62877286.0,0.0,0.4392156862745098,0.0,552_STORE.png,552,552_STORE.png,0.713100858211543,0.7481441254800469,0.439215681882353,0.0381728833668668
baseline,553_STUDIOS.png,STUDIOS,studios,0.0398984290659427,0.0,0,46.52681457030895,0.0,620013458.0,0.0,0.5372549019607843,0.0,553_STUDIOS.png,553,553_STUDIOS.png,0.7659826710790182,0.3887446365741741,0.5333333280000001,0.0244484062623973
baseline,554_SUAN.png,SUAN,xsuane,0.0389203988015651,0.0,0,28.86333009858543,0.0,180093802.0,0.0,0.2941176470588235,0.0,554_SUAN.png,554,554_SUAN.png,0.7691487188401722,0.4311350462497544,0.4313725447058824,0.0678396124328028
baseline,555_Seventh.png,Seventh,seventh,0.0681722164154052,0.8571428571428572,0,20.73924587700648,0.0,22328496.0,0.0,0.2003921568627536,0.0,555_Seventh.png,555,555_Seventh.png,0.6751425872331033,0.4700655924472941,0.199999998,0.0211427297260146
baseline,556_Snacks.png,Snacks,snacks,0.6095642447471619,0.8333333333333334,0,62.36634793915592,0.0,291261030.0,0.0,0.5882352941176471,0.0,556_Snacks.png,556,556_Snacks.png,0.7317755049250277,0.4538156127544606,0.5843137196470589,0.025653602679549
baseline,557_TACOS.png,TACOS,tacos,0.3685497045516968,0.0,0,36.98254655544469,0.0,201323256.0,0.0,0.3529411764705882,0.0,557_TACOS.png,557,557_TACOS.png,0.7324255904605177,0.278440915359272,0.3568627415294118,0.0212371791323226
baseline,558_TES.png,TES,tes,0.1651119142770767,0.0,0,52.90210629897381,0.0,36096198.0,0.0,0.592156862745098,0.0,558_TES.png,558,558_TES.png,0.7774563572375134,0.3808604028815156,0.5960784254117648,0.0319447293558415
baseline,559_THE.png,THE,the,0.1344132870435714,0.0,0,15.033294806897954,0.0,8774454.0,0.0,0.1607843137254902,0.0,559_THE.png,559,559_THE.png,0.6265190351896754,0.4260598682480755,0.1568627435294118,0.0574230020163455
baseline,560_THE.png,THE,the,0.3108691871166229,0.0,0,42.58709712445554,0.0,51497706.0,0.0,0.4470588235294118,0.0,560_THE.png,560,560_THE.png,0.7419332745693286,0.452613718362399,0.4431372504705883,0.0330248149158355
baseline,561_TICKE.png,TICKE,tick,0.1450589895248413,0.0,0,42.21652934938098,0.0,251442882.0,0.0,0.396078431372549,0.0,561_TICKE.png,561,561_TICKE.png,0.7397092649600104,0.3653609065512608,0.3999999960000001,0.0285002341406578
baseline,562_TICKETS.png,TICKETS,ticketis,0.0848825201392173,0.0,0,54.174241856967946,0.0,174307596.0,0.0,0.5215686274509804,0.0,562_TICKETS.png,562,562_TICKETS.png,0.727234415761936,0.2655685367241335,0.5215686222352942,0.0329137751294621
baseline,563_TO.png,TO,to,0.3351776301860809,0.0,0,43.03802376037783,0.0,44177648.0,0.0,0.4666666666666667,0.0,563_TO.png,563,563_TO.png,0.6959149131489379,0.2130308430262113,0.466666662,0.0187791664941
baseline,564_TOOL.png,TOOL,tool,0.1491040587425232,0.0,0,39.0215795570807,0.0,58105604.0,0.0,0.3843137254901961,0.0,564_TOOL.png,564,564_TOOL.png,0.691142165071432,0.389421392734613,0.3843137216470589,0.0934112174262032
baseline,565_TORTAS.png,TORTAS,tortas,0.1734648495912552,0.0,0,41.52969958779095,0.0,204393754.0,0.0,0.392156862745098,0.0,565_TORTAS.png,565,565_TORTAS.png,0.7490906861514857,0.2612919742095516,0.3921568588235294,0.0200029476823204
baseline,566_TOYOTA.png,TOYOTA,toyta,0.025863816961646,0.0,0,14.074586803767572,0.0,16595116.0,0.0,0.1372549019607843,0.0,566_TOYOTA.png,566,566_TOYOTA.png,0.7199402057656511,0.7578254364040523,0.133333332,0.0382774760778967
baseline,567_Tea.png,Tea,tea,0.0009166679810732,0.6666666666666667,0,33.02374588553124,0.0,79203366.0,0.0,0.3098039215686274,0.0,567_Tea.png,567,567_Tea.png,0.6873480112042254,0.2136882930626378,0.3098039184705883,0.0379193147940578
baseline,568_Tenants.png,Tenants,tenants,0.0087795667350292,0.8571428571428572,0,22.83147763950833,0.0,43733304.0,0.0,0.2431372549019607,0.0,568_Tenants.png,568,568_Tenants.png,0.6916169498490409,0.4139403050128679,0.2470588210588235,0.0319810643559179
baseline,569_Top.png,Top,top,0.2541336119174957,0.6666666666666667,0,33.1708331563589,0.0,26497886.0,0.0,0.3529411764705882,0.0,569_Top.png,569,569_Top.png,0.6538730163387279,0.4005004801392702,0.3529411729411765,0.0716104947035345
baseline,570_UNIVER.png,UNIVER,univer,0.3807804882526397,0.0,0,21.620220006603045,0.0,12624570.0,0.0,0.2352941176470588,0.0,570_UNIVER.png,570,570_UNIVER.png,0.6538313872902067,0.2169246181260991,0.2392156838823529,0.0533427985502968
baseline,571_UPGRADES.png,UPGRADES,upgrades,0.3368451595306396,0.0,0,65.63593539055601,0.0,217945892.0,0.0,0.611764705882353,0.0,571_UPGRADES.png,571,571_UPGRADES.png,0.8215572389645528,0.3740452978485294,0.611764699764706,0.0296694544679839
baseline,572_USED.png,USED,e,0.027035916224122,0.0,0,27.32877171148723,0.0,49849570.0,0.0,0.2745098039215686,0.0,572_USED.png,572,572_USED.png,0.724666219579339,0.824434694272613,0.2823529383529412,0.0458509255359509
baseline,573_Uni.png,Uni,hunie,0.0004325055924709,0.4,0,41.9181628616543,0.0,99424700.0,0.0,0.4392156862745098,0.0,573_Uni.png,573,573_Uni.png,0.7297321936674662,0.5542538366978754,0.439215681882353,0.0304726049024655
baseline,574_VERTICAL.png,VERTICAL,tertoa,6.903660687385127e-05,0.0,0,13.084159218503109,0.0,21183316.0,0.0,0.1294117647058823,0.0,574_VERTICAL.png,574,574_VERTICAL.png,0.6657212225913702,0.262252910152051,0.133333332,0.0242540561634318
baseline,575_WERE.png,WERE,were,0.2423905581235885,0.0,0,28.141593079837428,0.0,81546444.0,0.0,0.2901960784313726,0.0,575_WERE.png,575,575_WERE.png,0.6714389571989843,0.1927300871906928,0.2862745069411765,0.0222207380599056
baseline,576_WHEN.png,WHEN,when,0.3799677789211273,0.0,0,47.49555357287842,0.0,92090822.0,0.0,0.5058823529411764,0.0,576_WHEN.png,576,576_WHEN.png,0.6858485229038526,0.4218406529930947,0.5019607792941178,0.0321786062319798
baseline,577_WINGS.png,WINGS,wings,0.8996064066886902,0.0,0,38.62505599150959,0.0,88188014.0,0.0,0.4392156862745098,0.0,577_WINGS.png,577,577_WINGS.png,0.7048151352426474,0.2139190264691554,0.439215681882353,0.0212856623717143
baseline,578_Wal.png,Wal,wal,0.1175359189510345,0.6666666666666667,0,54.9191206003997,0.0,87393646.0,0.0,0.6588235294117647,0.0,578_Wal.png,578,578_Wal.png,0.7106871900270225,0.3033892203720055,0.6588235228235295,0.0556616730063201
baseline,579_With.png,With,with,0.23680479824543,0.75,0,24.66184212193645,0.0,31151344.0,0.0,0.2588235294117647,0.0,579_With.png,579,579_With.png,0.6776913923426716,0.4261459114021036,0.2627450954117648,0.034530181768922
baseline,580_YOU.png,YOU,you,0.2562186121940613,0.0,0,40.73025108520597,0.0,60665982.0,0.0,0.4156862745098039,0.0,580_YOU.png,580,580_YOU.png,0.6696353108587793,0.4453752165987626,0.4156862703529412,0.0294074553418737
baseline,581_YOUR.png,YOUR,rour,0.0616089403629303,0.0,0,13.080078783947934,0.0,7966184.0,0.0,0.1686274509803921,0.0,581_YOUR.png,581,581_YOUR.png,0.6237157320798223,0.9145828889788647,0.1098039204705882,0.0392888928414163
baseline,582_alley.png,alley,aliey,0.0278544854372739,0.8,0,41.44624235344841,0.0,247495938.0,0.0,0.396078431372549,0.0,582_alley.png,582,582_alley.png,0.738785361811084,0.4109015788515995,0.3960784274117647,0.0297586288198568
baseline,583_any.png,any,anu,0.0390836223959922,0.6666666666666667,0,45.727257351771385,0.0,89180694.0,0.0,0.4549019607843137,0.0,583_any.png,583,583_any.png,0.7108803457248091,0.231435239974201,0.4588235248235294,0.0289919320825706
baseline,584_cien.png,cien,cien,0.2209335565567016,1.0,1,25.502545812761664,0.0,134968560.0,0.0,0.2666666666666666,0.0,584_cien.png,584,584_cien.png,0.7092753476605863,0.4577757895208372,0.2705882325882353,0.0156279720534054
baseline,585_com.png,com,com,0.0457081608474254,1.0,1,21.97466780627283,0.0,29918788.0,0.0,0.2,0.0,585_com.png,585,585_com.png,0.6974944734552806,0.5269521871459057,0.1960784294117647,0.0234714446195632
baseline,586_da.png,da,da,0.289542406797409,1.0,1,31.573454272804227,0.0,64399626.0,0.0,0.3098039215686274,0.0,586_da.png,586,586_da.png,0.6725615315856022,0.4272391511797589,0.3137254870588236,0.0178352073366423
baseline,587_eck.png,eck,eck,0.4283407628536224,1.0,1,43.03609897163702,0.0,79504302.0,0.0,0.4117647058823529,0.0,587_eck.png,587,587_eck.png,0.7466269548423086,0.4013609981650393,0.4156862703529412,0.028437566843647
baseline,588_jayce.png,jayce,hvc,3.460052903392352e-05,0.1999999999999999,0,14.331813983566809,0.0,66445076.0,0.0,0.0980392156862745,0.0,588_jayce.png,588,588_jayce.png,0.7270987439475459,0.1577190197716379,0.0980392147058823,0.0153879462951852
baseline,589_kathy.png,kathy,,0.000449502695119,0.0,0,11.647245089455437,0.0,55464788.0,0.0,0.0823529411764705,0.0,589_kathy.png,589,589_kathy.png,0.7163322180200851,0.1618500797584793,0.0823529403529411,0.0294124030184971
baseline,590_keep.png,keep,keep,0.2123186588287353,1.0,1,40.489946781324655,0.0,147929536.0,0.0,0.3803921568627451,0.0,590_keep.png,590,590_keep.png,0.7023655830532549,0.2195144576598725,0.3843137216470589,0.0104325137531965
baseline,591_kids.png,kids,kidse,0.1031058207154274,0.8,0,35.7934720646061,0.0,32572374.0,0.0,0.3607843137254902,0.0,591_kids.png,591,591_kids.png,0.6839090331132078,0.3710697366178665,0.3607843101176471,0.0583572595357542
baseline,592_nation.png,nation,nation,0.0584704503417015,1.0,1,30.60473770701776,0.0,49230484.0,0.0,0.3411764705882353,0.0,592_nation.png,592,592_nation.png,0.7170829056853223,0.4022816359058824,0.3450980357647059,0.0318075596902468
baseline,593_nikita.png,nikita,nkha,1.824717969611811e-06,0.5,0,16.805609120674593,0.0,120836918.0,0.0,0.0823529411764705,0.0,593_nikita.png,593,593_nikita.png,0.774047470050201,0.1176187289467686,0.0784313717647059,0.0115780661447031
baseline,594_no.png,no,no,0.0020484293345361,1.0,1,34.26539216786078,0.0,60650644.0,0.0,0.2549019607843137,0.0,594_no.png,594,594_no.png,0.7392842049826885,0.2117036415736089,0.2549019582352941,0.007964831059633
baseline,595_remove.png,remove,remove,0.5710721015930176,1.0,1,39.810361132903125,0.0,185237616.0,0.0,0.3725490196078431,0.0,595_remove.png,595,595_remove.png,0.7464769357272572,0.2113547095961341,0.372549015882353,0.0103378255905987
baseline,596_sit.png,sit,sit,0.1554519236087799,1.0,1,41.49629834518694,0.0,67944108.0,0.0,0.4117647058823529,0.0,596_sit.png,596,596_sit.png,0.6575852103108702,0.2653227121753423,0.4117647017647059,0.0207133977218766
baseline,597_supreme.png,supreme,supreme,0.9500442743301392,1.0,1,42.53210345483773,0.0,541010548.0,0.0,0.4274509803921568,0.0,597_supreme.png,597,597_supreme.png,0.7774576567810749,0.7263086949211905,0.4274509761176471,0.0224461237135218
baseline,598_uenteHills.png,uenteHills,uentehlls,0.0034525471273809,0.8,0,26.29831798582872,0.0,72872578.0,0.0,0.2666666666666666,0.0,598_uenteHills.png,598,598_uenteHills.png,0.7488697966854336,0.523645574207443,0.2627450954117648,0.0394969552229998
baseline,599_win.png,win,win,0.1191214993596077,1.0,1,33.37115839762251,0.0,56652476.0,0.0,0.3568627450980392,0.0,599_win.png,599,599_win.png,0.6483214621023105,0.3328887164748129,0.3568627415294118,0.0162574837276513
